date,state,disease_name,new_cases,new_deaths,new_vaccinations,tests_performed,positive_rate,hospitalized_patients,icu_patients,mobility_index,temperature,humidity,population_density,data_confidence,r0_estimate,incubation_days,infectious_days
2026-03-01,Kerala,Disease_X_NRP2026,2,0,0,203,0.0099,0,0,63.81,28.7,76.6,316,confirmed,0.87,4,6
2026-03-02,Kerala,Disease_X_NRP2026,0,0,0,223,0.0,0,0,64.47,29.1,76.1,316,probable,0.87,4,6
2026-03-03,Kerala,Disease_X_NRP2026,0,0,0,173,0.0,0,0,64.54,29.2,81.8,316,probable,0.87,4,6
2026-03-04,Kerala,Disease_X_NRP2026,0,0,0,200,0.0,0,0,67.88,29.2,77.5,316,probable,0.87,4,6
2026-03-05,Kerala,Disease_X_NRP2026,0,0,0,200,0.0,0,0,65.49,29.0,76.3,316,probable,0.87,4,6
2026-03-06,Kerala,Disease_X_NRP2026,1,0,0,184,0.0054,0,0,63.4,28.4,79.5,316,confirmed,0.87,4,6
2026-03-07,Kerala,Disease_X_NRP2026,0,0,0,212,0.0,0,0,68.34,28.7,75.5,316,probable,0.87,4,6
2026-03-08,Kerala,Disease_X_NRP2026,0,0,0,221,0.0,0,0,67.28,29.3,78.1,316,probable,0.87,4,6
2026-03-09,Kerala,Disease_X_NRP2026,0,0,0,200,0.0,0,0,67.01,28.9,79.0,316,probable,0.87,4,6
2026-03-10,Kerala,Disease_X_NRP2026,0,0,0,194,0.0,0,0,66.84,29.6,80.0,316,probable,0.87,4,6
2026-03-11,Kerala,Disease_X_NRP2026,0,0,0,165,0.0,0,0,66.24,28.1,78.2,316,probable,0.87,4,6
2026-03-12,Kerala,Disease_X_NRP2026,0,0,0,186,0.0,0,0,66.72,27.8,77.3,316,probable,0.87,4,6
2026-03-13,Kerala,Disease_X_NRP2026,0,0,0,227,0.0,0,0,66.94,28.5,76.7,316,probable,0.87,4,6
2026-03-14,Kerala,Disease_X_NRP2026,0,0,0,185,0.0,0,0,65.53,29.3,76.7,316,probable,0.87,4,6
2026-03-15,Kerala,Disease_X_NRP2026,0,0,0,194,0.0,0,0,65.22,28.9,79.7,316,probable,0.87,4,6
2026-03-16,Kerala,Disease_X_NRP2026,2,0,0,242,0.0083,0,0,67.19,29.3,80.5,316,confirmed,0.87,4,6
2026-03-17,Kerala,Disease_X_NRP2026,0,0,0,196,0.0,0,0,68.51,29.5,76.6,316,probable,0.87,4,6
2026-03-18,Kerala,Disease_X_NRP2026,0,0,0,232,0.0,0,0,63.55,27.5,77.8,316,probable,0.87,4,6
2026-03-19,Kerala,Disease_X_NRP2026,0,0,0,208,0.0,0,0,67.06,29.7,75.1,316,probable,0.87,4,6
2026-03-20,Kerala,Disease_X_NRP2026,1,0,0,202,0.005,0,0,66.66,28.3,78.1,316,confirmed,0.87,4,6
2026-03-21,Kerala,Disease_X_NRP2026,0,0,0,208,0.0,0,0,65.54,30.2,74.1,316,probable,0.87,4,6
2026-03-22,Kerala,Disease_X_NRP2026,0,0,0,189,0.0,0,0,66.97,28.1,78.4,316,probable,0.87,4,6
2026-03-23,Kerala,Disease_X_NRP2026,1,0,0,188,0.0053,0,0,66.99,29.2,78.6,316,confirmed,0.87,4,6
2026-03-24,Kerala,Disease_X_NRP2026,1,0,0,210,0.0048,0,0,65.37,27.1,75.6,316,confirmed,0.87,4,6
2026-03-25,Kerala,Disease_X_NRP2026,0,0,0,200,0.0,0,0,67.1,29.2,79.6,316,probable,0.87,4,6
2026-03-26,Kerala,Disease_X_NRP2026,0,0,0,206,0.0,0,0,65.5,28.3,79.7,316,probable,0.87,4,6
2026-03-27,Kerala,Disease_X_NRP2026,0,0,0,224,0.0,0,0,63.91,27.8,82.2,316,probable,0.87,4,6
2026-03-28,Kerala,Disease_X_NRP2026,0,0,0,219,0.0,0,0,65.48,27.9,78.0,316,probable,0.87,4,6
2026-03-29,Kerala,Disease_X_NRP2026,0,0,0,192,0.0,0,0,66.01,28.8,76.9,316,probable,0.87,4,6
2026-03-30,Kerala,Disease_X_NRP2026,0,0,0,186,0.0,0,0,65.38,29.4,77.0,316,probable,0.87,4,6
2026-03-31,Kerala,Disease_X_NRP2026,0,0,0,194,0.0,0,0,65.69,29.2,77.7,316,probable,0.87,4,6
2026-04-01,Kerala,Disease_X_NRP2026,0,0,0,198,0.0,0,0,66.3,30.8,80.2,316,probable,0.87,4,6
2026-04-02,Kerala,Disease_X_NRP2026,0,0,0,209,0.0,0,0,65.78,29.9,78.7,316,probable,0.87,4,6
2026-04-03,Kerala,Disease_X_NRP2026,0,0,0,217,0.0,0,0,65.98,29.4,82.4,316,probable,0.87,4,6
2026-04-04,Kerala,Disease_X_NRP2026,0,0,0,197,0.0,0,0,63.67,31.5,77.1,316,probable,0.87,4,6
2026-04-05,Kerala,Disease_X_NRP2026,0,0,0,183,0.0,0,0,66.44,28.2,79.4,316,probable,0.87,4,6
2026-04-06,Kerala,Disease_X_NRP2026,0,0,0,199,0.0,0,0,65.28,28.7,82.3,316,probable,0.87,4,6
2026-04-07,Kerala,Disease_X_NRP2026,0,0,0,198,0.0,0,0,67.56,30.0,76.5,316,probable,0.87,4,6
2026-04-08,Kerala,Disease_X_NRP2026,0,0,0,194,0.0,0,0,63.3,29.8,78.8,316,probable,0.87,4,6
2026-04-09,Kerala,Disease_X_NRP2026,0,0,0,170,0.0,0,0,67.62,28.7,79.7,316,probable,0.87,4,6
2026-04-10,Kerala,Disease_X_NRP2026,0,0,0,203,0.0,0,0,67.43,31.0,78.9,316,probable,0.87,4,6
2026-04-11,Kerala,Disease_X_NRP2026,0,0,0,212,0.0,0,0,67.75,28.9,78.1,316,probable,0.87,4,6
2026-04-12,Kerala,Disease_X_NRP2026,0,0,0,217,0.0,0,0,65.49,30.6,75.2,316,probable,0.87,4,6
2026-04-13,Kerala,Disease_X_NRP2026,0,0,0,166,0.0,0,0,65.62,29.4,81.3,316,probable,0.87,4,6
2026-04-14,Kerala,Disease_X_NRP2026,0,0,0,198,0.0,0,0,65.59,28.1,78.5,316,probable,0.87,4,6
2026-04-15,Kerala,Disease_X_NRP2026,0,0,0,199,0.0,0,0,67.13,28.9,79.6,316,probable,0.87,4,6
2026-04-16,Kerala,Disease_X_NRP2026,0,0,0,172,0.0,0,0,65.41,29.3,77.1,316,probable,0.87,4,6
2026-04-17,Kerala,Disease_X_NRP2026,0,0,0,187,0.0,0,0,66.02,29.7,78.8,316,probable,0.87,4,6
2026-04-18,Kerala,Disease_X_NRP2026,0,0,0,186,0.0,0,0,66.57,29.7,78.2,316,probable,0.87,4,6
2026-04-19,Kerala,Disease_X_NRP2026,0,0,0,232,0.0,0,0,65.33,31.6,78.0,316,probable,0.87,4,6
2026-04-20,Kerala,Disease_X_NRP2026,0,0,0,181,0.0,0,0,65.82,30.2,79.3,316,probable,0.87,4,6
2026-04-21,Kerala,Disease_X_NRP2026,0,0,0,188,0.0,0,0,64.08,29.1,76.9,316,probable,0.87,4,6
2026-04-22,Kerala,Disease_X_NRP2026,0,0,0,183,0.0,0,0,65.7,31.1,80.4,316,probable,0.87,4,6
2026-04-23,Kerala,Disease_X_NRP2026,0,0,0,183,0.0,0,0,63.63,29.4,81.8,316,probable,0.87,4,6
2026-04-24,Kerala,Disease_X_NRP2026,0,0,0,191,0.0,0,0,64.76,28.6,79.8,316,probable,0.87,4,6
2026-04-25,Kerala,Disease_X_NRP2026,0,0,0,200,0.0,0,0,64.45,29.1,77.6,316,probable,0.87,4,6
2026-04-26,Kerala,Disease_X_NRP2026,0,0,0,204,0.0,0,0,66.11,29.6,76.9,316,probable,0.87,4,6
2026-04-27,Kerala,Disease_X_NRP2026,0,0,0,167,0.0,0,0,66.52,30.2,79.1,316,probable,0.87,4,6
2026-04-28,Kerala,Disease_X_NRP2026,0,0,0,191,0.0,0,0,65.24,29.1,75.1,316,probable,0.87,4,6
2026-04-29,Kerala,Disease_X_NRP2026,0,0,0,187,0.0,0,0,65.77,28.8,79.2,316,probable,0.87,4,6
2026-04-30,Kerala,Disease_X_NRP2026,0,0,0,222,0.0,0,0,66.86,30.6,77.5,316,probable,0.87,4,6
2026-05-01,Kerala,Disease_X_NRP2026,0,0,0,207,0.0,0,0,64.79,29.2,78.4,316,probable,0.87,4,6
2026-05-02,Kerala,Disease_X_NRP2026,0,0,0,198,0.0,0,0,65.87,30.7,80.2,316,probable,0.87,4,6
2026-05-03,Kerala,Disease_X_NRP2026,0,0,0,205,0.0,0,0,68.81,30.4,79.9,316,probable,0.87,4,6
2026-05-04,Kerala,Disease_X_NRP2026,0,0,0,187,0.0,0,0,62.35,31.6,79.7,316,probable,0.87,4,6
2026-05-05,Kerala,Disease_X_NRP2026,0,0,0,216,0.0,0,0,62.38,29.4,80.5,316,probable,0.87,4,6
2026-05-06,Kerala,Disease_X_NRP2026,0,0,0,210,0.0,0,0,67.57,29.5,82.8,316,probable,0.87,4,6
2026-05-07,Kerala,Disease_X_NRP2026,0,0,0,216,0.0,0,0,64.42,30.3,81.3,316,probable,0.87,4,6
2026-05-08,Kerala,Disease_X_NRP2026,0,0,0,225,0.0,0,0,65.03,31.0,81.2,316,probable,0.87,4,6
2026-05-09,Kerala,Disease_X_NRP2026,0,0,0,208,0.0,0,0,68.52,31.4,82.4,316,probable,0.87,4,6
2026-05-10,Kerala,Disease_X_NRP2026,0,0,0,203,0.0,0,0,69.67,29.2,83.5,316,probable,0.87,4,6
2026-05-11,Kerala,Disease_X_NRP2026,0,0,0,185,0.0,0,0,66.41,32.1,81.7,316,probable,0.87,4,6
2026-05-12,Kerala,Disease_X_NRP2026,0,0,0,199,0.0,0,0,66.87,31.9,79.5,316,probable,0.87,4,6
2026-05-13,Kerala,Disease_X_NRP2026,0,0,0,197,0.0,0,0,65.06,32.7,81.5,316,probable,0.87,4,6
2026-05-14,Kerala,Disease_X_NRP2026,0,0,0,196,0.0,0,0,66.64,29.9,77.2,316,probable,0.87,4,6
2026-05-15,Kerala,Disease_X_NRP2026,0,0,0,196,0.0,0,0,65.29,29.5,80.0,316,probable,0.87,4,6
2026-05-16,Kerala,Disease_X_NRP2026,0,0,0,180,0.0,0,0,66.48,30.5,81.9,316,probable,0.87,4,6
2026-05-17,Kerala,Disease_X_NRP2026,0,0,0,251,0.0,0,0,65.79,30.0,80.2,316,probable,0.87,4,6
2026-05-18,Kerala,Disease_X_NRP2026,0,0,0,251,0.0,0,0,64.04,30.8,80.2,316,probable,0.87,4,6
2026-05-19,Kerala,Disease_X_NRP2026,0,0,0,224,0.0,0,0,62.59,31.8,75.2,316,probable,0.87,4,6
2026-05-20,Kerala,Disease_X_NRP2026,0,0,0,193,0.0,0,0,65.6,29.5,78.9,316,probable,0.87,4,6
2026-05-21,Kerala,Disease_X_NRP2026,0,0,0,214,0.0,0,0,64.01,30.6,80.6,316,probable,0.87,4,6
2026-05-22,Kerala,Disease_X_NRP2026,0,0,0,193,0.0,0,0,65.36,30.2,81.5,316,probable,0.87,4,6
2026-05-23,Kerala,Disease_X_NRP2026,0,0,0,179,0.0,0,0,66.62,30.9,81.0,316,probable,0.87,4,6
2026-05-24,Kerala,Disease_X_NRP2026,0,0,0,176,0.0,0,0,64.48,30.9,78.0,316,probable,0.87,4,6
2026-05-25,Kerala,Disease_X_NRP2026,0,0,0,159,0.0,0,0,68.24,31.3,77.7,316,probable,0.87,4,6
2026-05-26,Kerala,Disease_X_NRP2026,0,0,0,219,0.0,0,0,65.65,30.2,81.3,316,probable,0.87,4,6
2026-05-27,Kerala,Disease_X_NRP2026,0,0,0,203,0.0,0,0,65.42,32.4,81.8,316,probable,0.87,4,6
2026-05-28,Kerala,Disease_X_NRP2026,0,0,0,168,0.0,0,0,66.53,30.2,78.9,316,probable,0.87,4,6
2026-05-29,Kerala,Disease_X_NRP2026,0,0,0,205,0.0,0,0,67.17,30.3,81.6,316,probable,0.87,4,6
2026-05-30,Kerala,Disease_X_NRP2026,0,0,0,194,0.0,0,0,66.0,29.2,77.9,316,probable,0.87,4,6
2026-05-31,Kerala,Disease_X_NRP2026,0,0,0,181,0.0,0,0,67.28,29.4,78.9,316,probable,0.87,4,6
2026-06-01,Kerala,Disease_X_NRP2026,0,0,0,212,0.0,0,0,63.42,31.4,83.4,316,probable,0.87,4,6
2026-06-02,Kerala,Disease_X_NRP2026,0,0,0,200,0.0,0,0,68.36,29.6,85.0,316,probable,0.87,4,6
2026-06-03,Kerala,Disease_X_NRP2026,0,0,0,179,0.0,0,0,67.09,31.6,81.9,316,probable,0.87,4,6
2026-06-04,Kerala,Disease_X_NRP2026,0,0,0,207,0.0,0,0,66.62,29.9,82.5,316,probable,0.87,4,6
2026-06-05,Kerala,Disease_X_NRP2026,0,0,0,170,0.0,0,0,65.61,31.7,83.9,316,probable,0.87,4,6
2026-06-06,Kerala,Disease_X_NRP2026,0,0,0,179,0.0,0,0,67.28,31.7,83.3,316,probable,0.87,4,6
2026-06-07,Kerala,Disease_X_NRP2026,0,0,0,191,0.0,0,0,67.03,31.0,84.4,316,probable,0.87,4,6
2026-03-01,Tamil Nadu,Disease_X_NRP2026,0,0,0,213,0.0,0,0,65.55,32.4,73.6,316,probable,0.87,4,6
2026-03-02,Tamil Nadu,Disease_X_NRP2026,0,0,0,217,0.0,0,0,65.39,30.3,69.6,316,probable,0.87,4,6
2026-03-03,Tamil Nadu,Disease_X_NRP2026,0,0,0,199,0.0,0,0,67.38,31.6,70.5,316,probable,0.87,4,6
2026-03-04,Tamil Nadu,Disease_X_NRP2026,0,0,0,209,0.0,0,0,66.61,31.8,71.9,316,probable,0.87,4,6
2026-03-05,Tamil Nadu,Disease_X_NRP2026,0,0,0,187,0.0,0,0,68.4,32.5,72.0,316,probable,0.87,4,6
2026-03-06,Tamil Nadu,Disease_X_NRP2026,0,0,0,188,0.0,0,0,67.19,31.6,69.6,316,probable,0.87,4,6
2026-03-07,Tamil Nadu,Disease_X_NRP2026,0,0,0,169,0.0,0,0,66.84,31.4,69.6,316,probable,0.87,4,6
2026-03-08,Tamil Nadu,Disease_X_NRP2026,0,0,0,248,0.0,0,0,65.67,30.7,70.9,316,probable,0.87,4,6
2026-03-09,Tamil Nadu,Disease_X_NRP2026,0,0,0,180,0.0,0,0,65.28,30.8,71.1,316,probable,0.87,4,6
2026-03-10,Tamil Nadu,Disease_X_NRP2026,0,0,0,205,0.0,0,0,64.5,31.0,72.1,316,probable,0.87,4,6
2026-03-11,Tamil Nadu,Disease_X_NRP2026,0,0,0,217,0.0,0,0,66.65,32.9,71.7,316,probable,0.87,4,6
2026-03-12,Tamil Nadu,Disease_X_NRP2026,0,0,0,208,0.0,0,0,68.97,32.6,71.4,316,probable,0.87,4,6
2026-03-13,Tamil Nadu,Disease_X_NRP2026,0,0,0,200,0.0,0,0,68.91,30.7,69.9,316,probable,0.87,4,6
2026-03-14,Tamil Nadu,Disease_X_NRP2026,0,0,0,190,0.0,0,0,66.02,31.5,71.2,316,probable,0.87,4,6
2026-03-15,Tamil Nadu,Disease_X_NRP2026,0,0,0,191,0.0,0,0,68.06,32.4,70.8,316,probable,0.87,4,6
2026-03-16,Tamil Nadu,Disease_X_NRP2026,0,0,0,198,0.0,0,0,68.37,31.7,73.1,316,probable,0.87,4,6
2026-03-17,Tamil Nadu,Disease_X_NRP2026,0,0,0,229,0.0,0,0,67.77,30.2,69.9,316,probable,0.87,4,6
2026-03-18,Tamil Nadu,Disease_X_NRP2026,0,0,0,206,0.0,0,0,65.26,31.9,71.5,316,probable,0.87,4,6
2026-03-19,Tamil Nadu,Disease_X_NRP2026,0,0,0,222,0.0,0,0,63.09,31.4,73.1,316,probable,0.87,4,6
2026-03-20,Tamil Nadu,Disease_X_NRP2026,0,0,0,169,0.0,0,0,65.29,30.5,73.3,316,probable,0.87,4,6
2026-03-21,Tamil Nadu,Disease_X_NRP2026,0,0,0,169,0.0,0,0,65.06,29.8,71.5,316,probable,0.87,4,6
2026-03-22,Tamil Nadu,Disease_X_NRP2026,0,0,0,216,0.0,0,0,67.53,31.2,70.3,316,probable,0.87,4,6
2026-03-23,Tamil Nadu,Disease_X_NRP2026,0,0,0,195,0.0,0,0,65.41,31.8,73.6,316,probable,0.87,4,6
2026-03-24,Tamil Nadu,Disease_X_NRP2026,0,0,0,198,0.0,0,0,64.15,32.1,71.1,316,probable,0.87,4,6
2026-03-25,Tamil Nadu,Disease_X_NRP2026,0,0,0,218,0.0,0,0,66.22,31.0,71.0,316,probable,0.87,4,6
2026-03-26,Tamil Nadu,Disease_X_NRP2026,0,0,0,182,0.0,0,0,66.67,33.2,70.7,316,probable,0.87,4,6
2026-03-27,Tamil Nadu,Disease_X_NRP2026,0,0,0,197,0.0,0,0,66.03,31.7,69.7,316,probable,0.87,4,6
2026-03-28,Tamil Nadu,Disease_X_NRP2026,0,0,0,219,0.0,0,0,66.16,31.6,71.7,316,probable,0.87,4,6
2026-03-29,Tamil Nadu,Disease_X_NRP2026,0,0,0,212,0.0,0,0,63.99,31.7,71.9,316,probable,0.87,4,6
2026-03-30,Tamil Nadu,Disease_X_NRP2026,1,0,0,220,0.0045,0,0,65.29,31.7,69.5,316,confirmed,0.87,4,6
2026-03-31,Tamil Nadu,Disease_X_NRP2026,0,0,0,223,0.0,0,0,63.86,32.0,71.7,316,probable,0.87,4,6
2026-04-01,Tamil Nadu,Disease_X_NRP2026,0,0,0,202,0.0,0,0,64.16,32.5,74.4,316,probable,0.87,4,6
2026-04-02,Tamil Nadu,Disease_X_NRP2026,0,0,0,181,0.0,0,0,62.47,31.7,68.4,316,probable,0.87,4,6
2026-04-03,Tamil Nadu,Disease_X_NRP2026,0,0,0,156,0.0,0,0,64.68,34.1,73.7,316,probable,0.87,4,6
2026-04-04,Tamil Nadu,Disease_X_NRP2026,0,0,0,173,0.0,0,0,63.23,32.4,71.6,316,probable,0.87,4,6
2026-04-05,Tamil Nadu,Disease_X_NRP2026,0,0,0,195,0.0,0,0,66.29,33.9,72.8,316,probable,0.87,4,6
2026-04-06,Tamil Nadu,Disease_X_NRP2026,0,0,0,167,0.0,0,0,65.55,32.6,72.8,316,probable,0.87,4,6
2026-04-07,Tamil Nadu,Disease_X_NRP2026,0,0,0,230,0.0,0,0,66.86,32.9,74.5,316,probable,0.87,4,6
2026-04-08,Tamil Nadu,Disease_X_NRP2026,0,0,0,202,0.0,0,0,63.7,32.6,71.4,316,probable,0.87,4,6
2026-04-09,Tamil Nadu,Disease_X_NRP2026,0,0,0,227,0.0,0,0,65.59,31.5,72.6,316,probable,0.87,4,6
2026-04-10,Tamil Nadu,Disease_X_NRP2026,0,0,0,200,0.0,0,0,65.76,33.1,71.9,316,probable,0.87,4,6
2026-04-11,Tamil Nadu,Disease_X_NRP2026,0,0,0,195,0.0,0,0,66.83,31.6,75.2,316,probable,0.87,4,6
2026-04-12,Tamil Nadu,Disease_X_NRP2026,0,0,0,187,0.0,0,0,66.12,33.4,70.5,316,probable,0.87,4,6
2026-04-13,Tamil Nadu,Disease_X_NRP2026,0,0,0,193,0.0,0,0,66.38,31.8,72.3,316,probable,0.87,4,6
2026-04-14,Tamil Nadu,Disease_X_NRP2026,0,0,0,189,0.0,0,0,63.65,33.7,74.9,316,probable,0.87,4,6
2026-04-15,Tamil Nadu,Disease_X_NRP2026,0,0,0,219,0.0,0,0,67.36,32.1,74.9,316,probable,0.87,4,6
2026-04-16,Tamil Nadu,Disease_X_NRP2026,0,0,0,193,0.0,0,0,65.39,33.0,70.6,316,probable,0.87,4,6
2026-04-17,Tamil Nadu,Disease_X_NRP2026,0,0,0,189,0.0,0,0,65.4,32.3,69.6,316,probable,0.87,4,6
2026-04-18,Tamil Nadu,Disease_X_NRP2026,0,0,0,206,0.0,0,0,66.95,32.3,73.1,316,probable,0.87,4,6
2026-04-19,Tamil Nadu,Disease_X_NRP2026,0,0,0,213,0.0,0,0,68.62,33.7,69.3,316,probable,0.87,4,6
2026-04-20,Tamil Nadu,Disease_X_NRP2026,0,0,0,210,0.0,0,0,64.32,32.8,70.3,316,probable,0.87,4,6
2026-04-21,Tamil Nadu,Disease_X_NRP2026,0,0,0,226,0.0,0,0,63.88,32.7,69.9,316,probable,0.87,4,6
2026-04-22,Tamil Nadu,Disease_X_NRP2026,0,0,0,224,0.0,0,0,65.91,32.3,68.9,316,probable,0.87,4,6
2026-04-23,Tamil Nadu,Disease_X_NRP2026,0,0,0,210,0.0,0,0,66.57,32.9,71.1,316,probable,0.87,4,6
2026-04-24,Tamil Nadu,Disease_X_NRP2026,0,0,0,164,0.0,0,0,66.46,31.9,69.9,316,probable,0.87,4,6
2026-04-25,Tamil Nadu,Disease_X_NRP2026,0,0,0,205,0.0,0,0,65.7,33.1,76.7,316,probable,0.87,4,6
2026-04-26,Tamil Nadu,Disease_X_NRP2026,0,0,0,205,0.0,0,0,66.18,32.4,74.0,316,probable,0.87,4,6
2026-04-27,Tamil Nadu,Disease_X_NRP2026,0,0,0,180,0.0,0,0,67.67,32.6,70.2,316,probable,0.87,4,6
2026-04-28,Tamil Nadu,Disease_X_NRP2026,0,0,0,200,0.0,0,0,66.93,32.6,72.1,316,probable,0.87,4,6
2026-04-29,Tamil Nadu,Disease_X_NRP2026,0,0,0,193,0.0,0,0,64.21,32.8,69.0,316,probable,0.87,4,6
2026-04-30,Tamil Nadu,Disease_X_NRP2026,0,0,0,201,0.0,0,0,62.74,33.2,71.8,316,probable,0.87,4,6
2026-05-01,Tamil Nadu,Disease_X_NRP2026,0,0,0,181,0.0,0,0,66.33,32.7,74.7,316,probable,0.87,4,6
2026-05-02,Tamil Nadu,Disease_X_NRP2026,0,0,0,202,0.0,0,0,65.19,33.1,73.4,316,probable,0.87,4,6
2026-05-03,Tamil Nadu,Disease_X_NRP2026,0,0,0,200,0.0,0,0,64.61,33.2,72.9,316,probable,0.87,4,6
2026-05-04,Tamil Nadu,Disease_X_NRP2026,0,0,0,149,0.0,0,0,67.1,32.4,75.3,316,probable,0.87,4,6
2026-05-05,Tamil Nadu,Disease_X_NRP2026,0,0,0,224,0.0,0,0,65.23,32.6,73.1,316,probable,0.87,4,6
2026-05-06,Tamil Nadu,Disease_X_NRP2026,0,0,0,190,0.0,0,0,66.29,33.6,73.2,316,probable,0.87,4,6
2026-05-07,Tamil Nadu,Disease_X_NRP2026,0,0,0,161,0.0,0,0,68.79,33.7,74.7,316,probable,0.87,4,6
2026-05-08,Tamil Nadu,Disease_X_NRP2026,0,0,0,197,0.0,0,0,68.27,32.7,73.4,316,probable,0.87,4,6
2026-05-09,Tamil Nadu,Disease_X_NRP2026,0,0,0,222,0.0,0,0,64.02,34.8,73.1,316,probable,0.87,4,6
2026-05-10,Tamil Nadu,Disease_X_NRP2026,0,0,0,214,0.0,0,0,66.15,33.6,75.3,316,probable,0.87,4,6
2026-05-11,Tamil Nadu,Disease_X_NRP2026,0,0,0,201,0.0,0,0,68.28,33.7,72.0,316,probable,0.87,4,6
2026-05-12,Tamil Nadu,Disease_X_NRP2026,0,0,0,174,0.0,0,0,64.24,33.9,72.6,316,probable,0.87,4,6
2026-05-13,Tamil Nadu,Disease_X_NRP2026,0,0,0,205,0.0,0,0,64.64,32.8,74.6,316,probable,0.87,4,6
2026-05-14,Tamil Nadu,Disease_X_NRP2026,0,0,0,194,0.0,0,0,65.32,34.2,76.1,316,probable,0.87,4,6
2026-05-15,Tamil Nadu,Disease_X_NRP2026,0,0,0,229,0.0,0,0,68.4,34.0,77.8,316,probable,0.87,4,6
2026-05-16,Tamil Nadu,Disease_X_NRP2026,0,0,0,180,0.0,0,0,62.75,33.0,74.2,316,probable,0.87,4,6
2026-05-17,Tamil Nadu,Disease_X_NRP2026,0,0,0,174,0.0,0,0,67.07,33.5,72.9,316,probable,0.87,4,6
2026-05-18,Tamil Nadu,Disease_X_NRP2026,0,0,0,209,0.0,0,0,66.8,34.3,71.9,316,probable,0.87,4,6
2026-05-19,Tamil Nadu,Disease_X_NRP2026,0,0,0,199,0.0,0,0,65.57,33.8,70.9,316,probable,0.87,4,6
2026-05-20,Tamil Nadu,Disease_X_NRP2026,0,0,0,206,0.0,0,0,68.25,33.7,70.5,316,probable,0.87,4,6
2026-05-21,Tamil Nadu,Disease_X_NRP2026,0,0,0,206,0.0,0,0,67.05,34.1,70.0,316,probable,0.87,4,6
2026-05-22,Tamil Nadu,Disease_X_NRP2026,0,0,0,196,0.0,0,0,64.42,33.5,73.5,316,probable,0.87,4,6
2026-05-23,Tamil Nadu,Disease_X_NRP2026,0,0,0,190,0.0,0,0,64.03,35.0,74.3,316,probable,0.87,4,6
2026-05-24,Tamil Nadu,Disease_X_NRP2026,0,0,0,214,0.0,0,0,65.14,32.5,71.3,316,probable,0.87,4,6
2026-05-25,Tamil Nadu,Disease_X_NRP2026,0,0,0,167,0.0,0,0,67.89,35.0,72.7,316,probable,0.87,4,6
2026-05-26,Tamil Nadu,Disease_X_NRP2026,0,0,0,189,0.0,0,0,69.54,34.6,72.4,316,probable,0.87,4,6
2026-05-27,Tamil Nadu,Disease_X_NRP2026,0,0,0,232,0.0,0,0,67.13,34.9,77.5,316,probable,0.87,4,6
2026-05-28,Tamil Nadu,Disease_X_NRP2026,0,0,0,197,0.0,0,0,65.02,33.7,76.1,316,probable,0.87,4,6
2026-05-29,Tamil Nadu,Disease_X_NRP2026,0,0,0,192,0.0,0,0,64.37,33.7,76.5,316,probable,0.87,4,6
2026-05-30,Tamil Nadu,Disease_X_NRP2026,0,0,0,180,0.0,0,0,68.48,34.0,70.8,316,probable,0.87,4,6
2026-05-31,Tamil Nadu,Disease_X_NRP2026,0,0,0,223,0.0,0,0,62.79,33.5,71.6,316,probable,0.87,4,6
2026-06-01,Tamil Nadu,Disease_X_NRP2026,0,0,0,202,0.0,0,0,63.05,32.9,73.7,316,probable,0.87,4,6
2026-06-02,Tamil Nadu,Disease_X_NRP2026,0,0,0,193,0.0,0,0,66.3,33.6,72.8,316,probable,0.87,4,6
2026-06-03,Tamil Nadu,Disease_X_NRP2026,0,0,0,200,0.0,0,0,68.36,33.1,75.9,316,probable,0.87,4,6
2026-06-04,Tamil Nadu,Disease_X_NRP2026,0,0,0,207,0.0,0,0,64.84,33.5,76.9,316,probable,0.87,4,6
2026-06-05,Tamil Nadu,Disease_X_NRP2026,0,0,0,196,0.0,0,0,66.25,33.2,74.2,316,probable,0.87,4,6
2026-06-06,Tamil Nadu,Disease_X_NRP2026,0,0,0,190,0.0,0,0,65.68,35.2,75.5,316,probable,0.87,4,6
2026-06-07,Tamil Nadu,Disease_X_NRP2026,0,0,0,214,0.0,0,0,65.28,34.1,73.7,316,probable,0.87,4,6
2026-03-01,Karnataka,Disease_X_NRP2026,0,0,0,205,0.0,0,0,66.75,29.5,62.2,1426,probable,2.86,4,6
2026-03-02,Karnataka,Disease_X_NRP2026,0,0,0,252,0.0,0,0,63.15,27.4,61.4,1426,probable,2.86,4,6
2026-03-03,Karnataka,Disease_X_NRP2026,0,0,0,193,0.0,0,0,65.82,28.0,64.9,1426,probable,2.86,4,6
2026-03-04,Karnataka,Disease_X_NRP2026,0,0,0,222,0.0,0,0,65.32,27.7,61.7,1426,probable,2.86,4,6
2026-03-05,Karnataka,Disease_X_NRP2026,0,0,0,204,0.0,0,0,61.77,27.1,62.7,1426,probable,2.86,4,6
2026-03-06,Karnataka,Disease_X_NRP2026,0,0,0,211,0.0,0,0,65.53,28.8,63.3,1426,probable,2.86,4,6
2026-03-07,Karnataka,Disease_X_NRP2026,0,0,0,198,0.0,0,0,66.91,27.6,66.3,1426,probable,2.86,4,6
2026-03-08,Karnataka,Disease_X_NRP2026,0,0,0,185,0.0,0,0,66.01,29.4,63.5,1426,probable,2.86,4,6
2026-03-09,Karnataka,Disease_X_NRP2026,0,0,0,190,0.0,0,0,66.68,27.3,65.7,1426,probable,2.86,4,6
2026-03-10,Karnataka,Disease_X_NRP2026,0,0,0,216,0.0,0,0,66.53,28.2,65.4,1426,probable,2.86,4,6
2026-03-11,Karnataka,Disease_X_NRP2026,0,0,0,184,0.0,0,0,65.36,28.1,66.1,1426,probable,2.86,4,6
2026-03-12,Karnataka,Disease_X_NRP2026,1,0,0,163,0.0061,0,0,65.69,27.6,62.9,1426,confirmed,2.86,4,6
2026-03-13,Karnataka,Disease_X_NRP2026,0,0,0,197,0.0,0,0,64.34,28.3,65.9,1426,probable,2.86,4,6
2026-03-14,Karnataka,Disease_X_NRP2026,1,0,0,216,0.0046,0,0,65.08,28.5,62.7,1426,confirmed,2.86,4,6
2026-03-15,Karnataka,Disease_X_NRP2026,0,0,0,167,0.0,0,0,67.2,28.3,61.5,1426,probable,2.86,4,6
2026-03-16,Karnataka,Disease_X_NRP2026,0,0,0,236,0.0,0,0,67.26,27.8,66.0,1426,probable,2.86,4,6
2026-03-17,Karnataka,Disease_X_NRP2026,0,0,0,204,0.0,0,0,67.45,28.4,62.1,1426,probable,2.86,4,6
2026-03-18,Karnataka,Disease_X_NRP2026,0,0,0,187,0.0,0,0,64.79,27.2,65.8,1426,probable,2.86,4,6
2026-03-19,Karnataka,Disease_X_NRP2026,0,0,0,188,0.0,0,0,65.42,27.1,66.2,1426,probable,2.86,4,6
2026-03-20,Karnataka,Disease_X_NRP2026,1,0,0,174,0.0057,0,0,64.14,27.1,66.3,1426,confirmed,2.86,4,6
2026-03-21,Karnataka,Disease_X_NRP2026,0,0,0,196,0.0,0,0,66.53,28.0,64.4,1426,probable,2.86,4,6
2026-03-22,Karnataka,Disease_X_NRP2026,0,0,0,228,0.0,0,0,66.79,27.7,68.0,1426,probable,2.86,4,6
2026-03-23,Karnataka,Disease_X_NRP2026,1,0,0,179,0.0056,0,0,66.96,28.6,66.5,1426,confirmed,2.86,4,6
2026-03-24,Karnataka,Disease_X_NRP2026,0,0,0,200,0.0,0,0,66.3,27.4,64.3,1426,probable,2.86,4,6
2026-03-25,Karnataka,Disease_X_NRP2026,0,0,0,224,0.0,0,0,64.92,27.4,61.6,1426,probable,2.86,4,6
2026-03-26,Karnataka,Disease_X_NRP2026,1,0,0,213,0.0047,0,0,63.76,27.5,68.2,1426,confirmed,2.86,4,6
2026-03-27,Karnataka,Disease_X_NRP2026,0,0,0,221,0.0,0,0,63.35,28.1,62.2,1426,probable,2.86,4,6
2026-03-28,Karnataka,Disease_X_NRP2026,1,0,0,190,0.0053,0,0,65.13,28.0,63.7,1426,confirmed,2.86,4,6
2026-03-29,Karnataka,Disease_X_NRP2026,1,0,0,170,0.0059,0,0,63.67,28.4,63.0,1426,confirmed,2.86,4,6
2026-03-30,Karnataka,Disease_X_NRP2026,1,0,0,248,0.004,0,0,66.55,27.6,58.7,1426,confirmed,2.86,4,6
2026-03-31,Karnataka,Disease_X_NRP2026,0,0,0,221,0.0,0,0,64.31,27.8,65.1,1426,probable,2.86,4,6
2026-04-01,Karnataka,Disease_X_NRP2026,2,0,0,202,0.0099,0,0,67.66,28.9,65.1,1426,confirmed,2.86,4,6
2026-04-02,Karnataka,Disease_X_NRP2026,2,0,0,213,0.0094,0,0,66.36,29.2,64.8,1426,confirmed,2.86,4,6
2026-04-03,Karnataka,Disease_X_NRP2026,2,0,0,198,0.0101,0,0,62.88,28.7,64.3,1426,confirmed,2.86,4,6
2026-04-04,Karnataka,Disease_X_NRP2026,3,0,0,196,0.0153,0,0,64.33,29.1,65.1,1426,confirmed,2.86,4,6
2026-04-05,Karnataka,Disease_X_NRP2026,5,0,0,178,0.0281,0,0,65.62,29.3,62.7,1426,confirmed,2.86,4,6
2026-04-06,Karnataka,Disease_X_NRP2026,3,0,0,212,0.0142,0,0,64.95,30.3,62.6,1426,confirmed,2.86,4,6
2026-04-07,Karnataka,Disease_X_NRP2026,3,0,0,184,0.0163,0,0,68.44,29.3,65.9,1426,confirmed,2.86,4,6
2026-04-08,Karnataka,Disease_X_NRP2026,6,0,0,190,0.0316,0,0,65.56,27.8,65.0,1426,confirmed,2.86,4,6
2026-04-09,Karnataka,Disease_X_NRP2026,3,0,0,172,0.0174,0,0,64.91,30.8,60.9,1426,confirmed,2.86,4,6
2026-04-10,Karnataka,Disease_X_NRP2026,1,0,0,200,0.005,0,0,65.87,28.7,65.8,1426,confirmed,2.86,4,6
2026-04-11,Karnataka,Disease_X_NRP2026,7,0,0,208,0.0337,1,0,65.22,28.5,65.0,1426,confirmed,2.86,4,6
2026-04-12,Karnataka,Disease_X_NRP2026,2,0,0,227,0.0088,0,0,67.1,30.5,64.3,1426,confirmed,2.86,4,6
2026-04-13,Karnataka,Disease_X_NRP2026,3,0,0,175,0.0171,0,0,66.22,29.0,67.8,1426,confirmed,2.86,4,6
2026-04-14,Karnataka,Disease_X_NRP2026,5,0,0,200,0.025,0,0,64.52,28.7,65.2,1426,confirmed,2.86,4,6
2026-04-15,Karnataka,Disease_X_NRP2026,5,0,0,188,0.0266,0,0,67.23,28.4,61.5,1426,confirmed,2.86,4,6
2026-04-16,Karnataka,Disease_X_NRP2026,3,0,0,208,0.0144,0,0,62.94,27.6,66.7,1426,confirmed,2.86,4,6
2026-04-17,Karnataka,Disease_X_NRP2026,5,0,0,200,0.025,0,0,63.82,28.5,63.5,1426,confirmed,2.86,4,6
2026-04-18,Karnataka,Disease_X_NRP2026,5,0,0,170,0.0294,0,0,68.23,28.7,66.0,1426,confirmed,2.86,4,6
2026-04-19,Karnataka,Disease_X_NRP2026,1,0,0,197,0.0051,0,0,66.75,28.4,66.6,1426,confirmed,2.86,4,6
2026-04-20,Karnataka,Disease_X_NRP2026,6,0,0,189,0.0317,1,0,63.68,27.9,64.6,1426,confirmed,2.86,4,6
2026-04-21,Karnataka,Disease_X_NRP2026,2,1,0,208,0.0096,0,0,65.95,29.1,66.1,1426,confirmed,2.86,4,6
2026-04-22,Karnataka,Disease_X_NRP2026,7,0,0,202,0.0347,0,0,66.77,29.6,67.1,1426,confirmed,2.86,4,6
2026-04-23,Karnataka,Disease_X_NRP2026,6,0,0,179,0.0335,0,0,63.59,29.6,59.6,1426,confirmed,2.86,4,6
2026-04-24,Karnataka,Disease_X_NRP2026,8,1,0,195,0.041,1,0,66.86,29.6,62.4,1426,confirmed,2.86,4,6
2026-04-25,Karnataka,Disease_X_NRP2026,7,0,0,215,0.0326,1,0,64.81,29.7,65.8,1426,confirmed,2.86,4,6
2026-04-26,Karnataka,Disease_X_NRP2026,2,0,0,189,0.0106,0,0,65.68,28.6,67.5,1426,confirmed,2.86,4,6
2026-04-27,Karnataka,Disease_X_NRP2026,7,1,0,213,0.0329,1,0,62.94,29.4,63.5,1426,confirmed,2.86,4,6
2026-04-28,Karnataka,Disease_X_NRP2026,3,0,0,154,0.0195,0,0,65.55,28.7,65.2,1426,confirmed,2.86,4,6
2026-04-29,Karnataka,Disease_X_NRP2026,7,1,0,204,0.0343,1,0,65.94,29.9,66.7,1426,confirmed,2.86,4,6
2026-04-30,Karnataka,Disease_X_NRP2026,14,0,0,175,0.08,2,0,63.15,29.7,63.4,1426,confirmed,2.86,4,6
2026-05-01,Karnataka,Disease_X_NRP2026,10,0,0,200,0.05,1,0,66.1,30.8,68.4,1426,confirmed,2.86,4,6
2026-05-02,Karnataka,Disease_X_NRP2026,6,0,0,199,0.0302,0,0,65.9,30.5,68.2,1426,confirmed,2.86,4,6
2026-05-03,Karnataka,Disease_X_NRP2026,5,0,0,200,0.025,0,0,64.26,30.1,69.1,1426,confirmed,2.86,4,6
2026-05-04,Karnataka,Disease_X_NRP2026,6,0,0,181,0.0331,1,0,64.8,30.4,65.4,1426,confirmed,2.86,4,6
2026-05-05,Karnataka,Disease_X_NRP2026,11,0,0,221,0.0498,1,0,66.0,29.1,64.5,1426,confirmed,2.86,4,6
2026-05-06,Karnataka,Disease_X_NRP2026,9,0,0,201,0.0448,1,0,64.17,30.9,67.0,1426,confirmed,2.86,4,6
2026-05-07,Karnataka,Disease_X_NRP2026,16,0,0,188,0.0851,2,0,67.22,31.0,63.5,1426,confirmed,2.86,4,6
2026-05-08,Karnataka,Disease_X_NRP2026,9,2,0,192,0.0469,1,0,64.89,29.5,63.1,1426,confirmed,2.86,4,6
2026-05-09,Karnataka,Disease_X_NRP2026,14,0,0,193,0.0725,2,0,62.99,31.1,68.8,1426,confirmed,2.86,4,6
2026-05-10,Karnataka,Disease_X_NRP2026,6,1,0,174,0.0345,1,0,65.34,29.2,64.6,1426,confirmed,2.86,4,6
2026-05-11,Karnataka,Disease_X_NRP2026,12,0,0,164,0.0732,1,0,63.65,31.2,65.3,1426,confirmed,2.86,4,6
2026-05-12,Karnataka,Disease_X_NRP2026,9,1,0,218,0.0413,1,0,63.2,29.9,63.6,1426,confirmed,2.86,4,6
2026-05-13,Karnataka,Disease_X_NRP2026,8,2,0,233,0.0343,1,0,67.17,29.9,66.9,1426,confirmed,2.86,4,6
2026-05-14,Karnataka,Disease_X_NRP2026,14,0,0,169,0.0828,1,0,66.37,30.6,64.2,1426,confirmed,2.86,4,6
2026-05-15,Karnataka,Disease_X_NRP2026,18,1,0,240,0.075,2,0,66.61,29.8,67.1,1426,confirmed,2.86,4,6
2026-05-16,Karnataka,Disease_X_NRP2026,24,0,0,265,0.0906,4,0,65.43,28.7,67.5,1426,confirmed,2.86,4,6
2026-05-17,Karnataka,Disease_X_NRP2026,13,0,0,198,0.0657,1,0,66.25,29.3,66.2,1426,confirmed,2.86,4,6
2026-05-18,Karnataka,Disease_X_NRP2026,17,1,0,228,0.0746,2,0,63.43,31.4,69.3,1426,confirmed,2.86,4,6
2026-05-19,Karnataka,Disease_X_NRP2026,14,0,0,185,0.0757,1,0,63.94,30.3,67.6,1426,confirmed,2.86,4,6
2026-05-20,Karnataka,Disease_X_NRP2026,25,2,0,380,0.0658,3,1,66.15,29.9,65.1,1426,confirmed,2.86,4,6
2026-05-21,Karnataka,Disease_X_NRP2026,25,0,0,346,0.0723,3,0,65.76,30.3,67.4,1426,confirmed,2.86,4,6
2026-05-22,Karnataka,Disease_X_NRP2026,28,4,0,320,0.0875,5,1,63.63,30.7,68.3,1426,confirmed,2.86,4,6
2026-05-23,Karnataka,Disease_X_NRP2026,22,0,0,239,0.0921,4,1,65.82,28.6,67.1,1426,confirmed,2.86,4,6
2026-05-24,Karnataka,Disease_X_NRP2026,28,1,0,304,0.0921,4,1,61.51,28.9,67.9,1426,confirmed,2.86,4,6
2026-05-25,Karnataka,Disease_X_NRP2026,22,0,0,200,0.11,2,0,61.86,29.6,63.0,1426,confirmed,2.86,4,6
2026-05-26,Karnataka,Disease_X_NRP2026,37,0,0,433,0.0855,4,0,63.55,29.6,69.4,1426,confirmed,2.86,4,6
2026-05-27,Karnataka,Disease_X_NRP2026,33,0,0,493,0.0669,4,0,65.86,30.4,64.4,1426,confirmed,2.86,4,6
2026-05-28,Karnataka,Disease_X_NRP2026,31,2,0,283,0.1095,4,1,65.27,29.1,64.8,1426,confirmed,2.86,4,6
2026-05-29,Karnataka,Disease_X_NRP2026,33,0,0,470,0.0702,4,1,64.9,29.4,68.5,1426,confirmed,2.86,4,6
2026-05-30,Karnataka,Disease_X_NRP2026,36,2,0,368,0.0978,6,1,64.34,29.8,64.8,1426,confirmed,2.86,4,6
2026-05-31,Karnataka,Disease_X_NRP2026,22,1,0,350,0.0629,2,0,63.04,30.1,66.8,1426,confirmed,2.86,4,6
2026-06-01,Karnataka,Disease_X_NRP2026,39,1,0,378,0.1032,5,1,66.85,30.7,67.2,1426,confirmed,2.86,4,6
2026-06-02,Karnataka,Disease_X_NRP2026,57,4,0,585,0.0974,9,2,63.23,30.1,69.8,1426,confirmed,2.86,4,6
2026-06-03,Karnataka,Disease_X_NRP2026,61,1,0,587,0.1039,10,2,64.24,29.2,67.9,1426,confirmed,2.86,4,6
2026-06-04,Karnataka,Disease_X_NRP2026,47,3,0,553,0.085,7,1,64.79,31.4,64.3,1426,confirmed,2.86,4,6
2026-06-05,Karnataka,Disease_X_NRP2026,48,1,0,576,0.0833,6,1,62.58,30.6,70.8,1426,confirmed,2.86,4,6
2026-06-06,Karnataka,Disease_X_NRP2026,37,2,0,378,0.0979,5,1,63.94,30.6,67.4,1426,confirmed,2.86,4,6
2026-06-07,Karnataka,Disease_X_NRP2026,51,0,0,688,0.0741,8,2,62.72,30.1,68.9,1426,confirmed,2.86,4,6
2026-03-01,Maharashtra,Disease_X_NRP2026,0,0,0,210,0.0,0,0,65.89,28.0,60.9,914,probable,2.51,4,6
2026-03-02,Maharashtra,Disease_X_NRP2026,0,0,0,183,0.0,0,0,67.03,27.3,63.3,914,probable,2.51,4,6
2026-03-03,Maharashtra,Disease_X_NRP2026,0,0,0,179,0.0,0,0,63.68,28.9,63.9,914,probable,2.51,4,6
2026-03-04,Maharashtra,Disease_X_NRP2026,0,0,0,212,0.0,0,0,65.31,27.5,58.5,914,probable,2.51,4,6
2026-03-05,Maharashtra,Disease_X_NRP2026,0,0,0,199,0.0,0,0,66.33,28.5,58.7,914,probable,2.51,4,6
2026-03-06,Maharashtra,Disease_X_NRP2026,0,0,0,209,0.0,0,0,67.88,29.9,60.3,914,probable,2.51,4,6
2026-03-07,Maharashtra,Disease_X_NRP2026,0,0,0,195,0.0,0,0,66.49,27.4,64.5,914,probable,2.51,4,6
2026-03-08,Maharashtra,Disease_X_NRP2026,0,0,0,224,0.0,0,0,65.21,27.8,60.0,914,probable,2.51,4,6
2026-03-09,Maharashtra,Disease_X_NRP2026,0,0,0,215,0.0,0,0,63.16,26.7,61.5,914,probable,2.51,4,6
2026-03-10,Maharashtra,Disease_X_NRP2026,0,0,0,225,0.0,0,0,64.33,28.3,59.0,914,probable,2.51,4,6
2026-03-11,Maharashtra,Disease_X_NRP2026,0,0,0,196,0.0,0,0,66.89,28.4,63.5,914,probable,2.51,4,6
2026-03-12,Maharashtra,Disease_X_NRP2026,0,0,0,178,0.0,0,0,69.22,28.6,62.0,914,probable,2.51,4,6
2026-03-13,Maharashtra,Disease_X_NRP2026,0,0,0,208,0.0,0,0,68.72,29.4,62.2,914,probable,2.51,4,6
2026-03-14,Maharashtra,Disease_X_NRP2026,0,0,0,162,0.0,0,0,64.31,26.8,62.2,914,probable,2.51,4,6
2026-03-15,Maharashtra,Disease_X_NRP2026,0,0,0,172,0.0,0,0,66.58,27.9,64.8,914,probable,2.51,4,6
2026-03-16,Maharashtra,Disease_X_NRP2026,0,0,0,175,0.0,0,0,63.5,28.5,61.9,914,probable,2.51,4,6
2026-03-17,Maharashtra,Disease_X_NRP2026,0,0,0,189,0.0,0,0,63.65,27.0,55.3,914,probable,2.51,4,6
2026-03-18,Maharashtra,Disease_X_NRP2026,1,0,0,203,0.0049,0,0,66.24,27.6,56.5,914,confirmed,2.51,4,6
2026-03-19,Maharashtra,Disease_X_NRP2026,0,0,0,203,0.0,0,0,65.68,26.2,59.7,914,probable,2.51,4,6
2026-03-20,Maharashtra,Disease_X_NRP2026,0,0,0,212,0.0,0,0,65.84,28.1,59.6,914,probable,2.51,4,6
2026-03-21,Maharashtra,Disease_X_NRP2026,2,0,0,208,0.0096,0,0,66.18,28.8,56.9,914,confirmed,2.51,4,6
2026-03-22,Maharashtra,Disease_X_NRP2026,0,0,0,234,0.0,0,0,64.31,27.8,60.4,914,probable,2.51,4,6
2026-03-23,Maharashtra,Disease_X_NRP2026,1,0,0,177,0.0056,0,0,65.13,27.2,60.2,914,confirmed,2.51,4,6
2026-03-24,Maharashtra,Disease_X_NRP2026,1,0,0,204,0.0049,0,0,66.61,28.2,57.8,914,confirmed,2.51,4,6
2026-03-25,Maharashtra,Disease_X_NRP2026,1,0,0,232,0.0043,0,0,64.82,28.4,64.3,914,confirmed,2.51,4,6
2026-03-26,Maharashtra,Disease_X_NRP2026,0,0,0,161,0.0,0,0,63.92,28.3,63.5,914,probable,2.51,4,6
2026-03-27,Maharashtra,Disease_X_NRP2026,1,1,0,213,0.0047,0,0,62.92,28.2,63.4,914,confirmed,2.51,4,6
2026-03-28,Maharashtra,Disease_X_NRP2026,0,0,0,220,0.0,0,0,66.48,29.4,59.6,914,probable,2.51,4,6
2026-03-29,Maharashtra,Disease_X_NRP2026,0,0,0,201,0.0,0,0,65.1,27.6,62.7,914,probable,2.51,4,6
2026-03-30,Maharashtra,Disease_X_NRP2026,0,0,0,209,0.0,0,0,62.8,28.6,58.7,914,probable,2.51,4,6
2026-03-31,Maharashtra,Disease_X_NRP2026,1,0,0,184,0.0054,0,0,65.23,28.0,58.6,914,confirmed,2.51,4,6
2026-04-01,Maharashtra,Disease_X_NRP2026,1,0,0,209,0.0048,0,0,65.03,28.5,62.4,914,confirmed,2.51,4,6
2026-04-02,Maharashtra,Disease_X_NRP2026,1,0,0,197,0.0051,0,0,65.62,27.9,64.3,914,confirmed,2.51,4,6
2026-04-03,Maharashtra,Disease_X_NRP2026,3,0,0,200,0.015,0,0,66.17,29.5,60.7,914,confirmed,2.51,4,6
2026-04-04,Maharashtra,Disease_X_NRP2026,4,0,0,188,0.0213,0,0,65.58,29.8,61.1,914,confirmed,2.51,4,6
2026-04-05,Maharashtra,Disease_X_NRP2026,3,0,0,198,0.0152,0,0,64.17,29.0,63.0,914,confirmed,2.51,4,6
2026-04-06,Maharashtra,Disease_X_NRP2026,6,0,0,213,0.0282,0,0,61.86,27.1,60.9,914,confirmed,2.51,4,6
2026-04-07,Maharashtra,Disease_X_NRP2026,1,0,0,191,0.0052,0,0,64.53,29.9,63.1,914,confirmed,2.51,4,6
2026-04-08,Maharashtra,Disease_X_NRP2026,2,0,0,231,0.0087,0,0,64.25,29.1,62.0,914,confirmed,2.51,4,6
2026-04-09,Maharashtra,Disease_X_NRP2026,1,0,0,180,0.0056,0,0,64.44,29.9,61.0,914,confirmed,2.51,4,6
2026-04-10,Maharashtra,Disease_X_NRP2026,3,0,0,193,0.0155,0,0,67.28,30.2,62.7,914,confirmed,2.51,4,6
2026-04-11,Maharashtra,Disease_X_NRP2026,4,0,0,217,0.0184,0,0,68.22,30.6,59.4,914,confirmed,2.51,4,6
2026-04-12,Maharashtra,Disease_X_NRP2026,4,0,0,164,0.0244,0,0,64.3,31.3,60.4,914,confirmed,2.51,4,6
2026-04-13,Maharashtra,Disease_X_NRP2026,3,0,0,181,0.0166,0,0,64.49,30.2,62.8,914,confirmed,2.51,4,6
2026-04-14,Maharashtra,Disease_X_NRP2026,4,0,0,218,0.0183,0,0,68.01,30.2,62.6,914,confirmed,2.51,4,6
2026-04-15,Maharashtra,Disease_X_NRP2026,2,0,0,186,0.0108,0,0,66.62,28.1,65.3,914,confirmed,2.51,4,6
2026-04-16,Maharashtra,Disease_X_NRP2026,2,0,0,221,0.009,0,0,66.03,30.5,63.1,914,confirmed,2.51,4,6
2026-04-17,Maharashtra,Disease_X_NRP2026,2,1,0,192,0.0104,0,0,62.5,29.2,57.4,914,confirmed,2.51,4,6
2026-04-18,Maharashtra,Disease_X_NRP2026,7,0,0,190,0.0368,1,0,64.08,28.6,65.5,914,confirmed,2.51,4,6
2026-04-19,Maharashtra,Disease_X_NRP2026,7,0,0,167,0.0419,1,0,66.98,30.7,65.6,914,confirmed,2.51,4,6
2026-04-20,Maharashtra,Disease_X_NRP2026,1,0,0,238,0.0042,0,0,65.94,29.8,60.2,914,confirmed,2.51,4,6
2026-04-21,Maharashtra,Disease_X_NRP2026,5,0,0,183,0.0273,0,0,64.38,30.4,64.0,914,confirmed,2.51,4,6
2026-04-22,Maharashtra,Disease_X_NRP2026,5,0,0,223,0.0224,0,0,63.58,29.3,61.8,914,confirmed,2.51,4,6
2026-04-23,Maharashtra,Disease_X_NRP2026,8,0,0,217,0.0369,1,0,66.44,28.8,62.2,914,confirmed,2.51,4,6
2026-04-24,Maharashtra,Disease_X_NRP2026,11,0,0,200,0.055,2,0,64.82,28.7,64.4,914,confirmed,2.51,4,6
2026-04-25,Maharashtra,Disease_X_NRP2026,8,0,0,157,0.051,1,0,66.67,29.9,67.2,914,confirmed,2.51,4,6
2026-04-26,Maharashtra,Disease_X_NRP2026,6,1,0,200,0.03,0,0,65.83,29.2,61.2,914,confirmed,2.51,4,6
2026-04-27,Maharashtra,Disease_X_NRP2026,7,0,0,233,0.03,1,0,63.97,29.0,63.7,914,confirmed,2.51,4,6
2026-04-28,Maharashtra,Disease_X_NRP2026,7,0,0,234,0.0299,1,0,66.44,29.7,59.8,914,confirmed,2.51,4,6
2026-04-29,Maharashtra,Disease_X_NRP2026,2,0,0,177,0.0113,0,0,66.21,29.4,63.8,914,confirmed,2.51,4,6
2026-04-30,Maharashtra,Disease_X_NRP2026,11,1,0,195,0.0564,2,0,64.91,31.1,59.6,914,confirmed,2.51,4,6
2026-05-01,Maharashtra,Disease_X_NRP2026,5,2,0,203,0.0246,0,0,64.09,32.4,62.2,914,confirmed,2.51,4,6
2026-05-02,Maharashtra,Disease_X_NRP2026,4,0,0,239,0.0167,0,0,65.45,31.2,64.5,914,confirmed,2.51,4,6
2026-05-03,Maharashtra,Disease_X_NRP2026,4,1,0,231,0.0173,0,0,66.34,31.0,64.0,914,confirmed,2.51,4,6
2026-05-04,Maharashtra,Disease_X_NRP2026,8,0,0,160,0.05,1,0,66.57,29.3,63.2,914,confirmed,2.51,4,6
2026-05-05,Maharashtra,Disease_X_NRP2026,7,0,0,180,0.0389,1,0,67.24,30.1,63.2,914,confirmed,2.51,4,6
2026-05-06,Maharashtra,Disease_X_NRP2026,9,0,0,204,0.0441,1,0,63.86,30.1,66.7,914,confirmed,2.51,4,6
2026-05-07,Maharashtra,Disease_X_NRP2026,8,0,0,209,0.0383,1,0,63.89,30.2,62.5,914,confirmed,2.51,4,6
2026-05-08,Maharashtra,Disease_X_NRP2026,8,3,0,196,0.0408,1,0,66.8,29.4,60.1,914,confirmed,2.51,4,6
2026-05-09,Maharashtra,Disease_X_NRP2026,7,1,0,208,0.0337,0,0,65.59,32.0,61.9,914,confirmed,2.51,4,6
2026-05-10,Maharashtra,Disease_X_NRP2026,11,0,0,184,0.0598,1,0,64.73,31.5,67.1,914,confirmed,2.51,4,6
2026-05-11,Maharashtra,Disease_X_NRP2026,16,0,0,243,0.0658,3,0,66.91,29.7,64.9,914,confirmed,2.51,4,6
2026-05-12,Maharashtra,Disease_X_NRP2026,12,0,0,202,0.0594,2,0,64.05,31.2,62.4,914,confirmed,2.51,4,6
2026-05-13,Maharashtra,Disease_X_NRP2026,9,0,0,239,0.0377,1,0,63.25,29.7,62.6,914,confirmed,2.51,4,6
2026-05-14,Maharashtra,Disease_X_NRP2026,13,0,0,200,0.065,2,0,63.96,30.8,66.5,914,confirmed,2.51,4,6
2026-05-15,Maharashtra,Disease_X_NRP2026,14,1,0,212,0.066,2,0,61.38,29.8,65.3,914,confirmed,2.51,4,6
2026-05-16,Maharashtra,Disease_X_NRP2026,15,0,0,193,0.0777,1,0,66.42,30.2,67.6,914,confirmed,2.51,4,6
2026-05-17,Maharashtra,Disease_X_NRP2026,12,1,0,216,0.0556,1,0,65.55,29.4,66.6,914,confirmed,2.51,4,6
2026-05-18,Maharashtra,Disease_X_NRP2026,17,0,0,240,0.0708,2,0,66.9,29.9,63.3,914,confirmed,2.51,4,6
2026-05-19,Maharashtra,Disease_X_NRP2026,21,0,0,272,0.0772,3,1,66.99,31.4,63.9,914,confirmed,2.51,4,6
2026-05-20,Maharashtra,Disease_X_NRP2026,18,1,0,222,0.0811,2,0,67.96,32.2,65.3,914,confirmed,2.51,4,6
2026-05-21,Maharashtra,Disease_X_NRP2026,21,0,0,260,0.0808,2,0,63.26,31.5,64.6,914,confirmed,2.51,4,6
2026-05-22,Maharashtra,Disease_X_NRP2026,25,0,0,223,0.1121,3,0,64.65,30.1,62.7,914,confirmed,2.51,4,6
2026-05-23,Maharashtra,Disease_X_NRP2026,25,1,0,346,0.0723,3,0,63.09,28.5,62.8,914,confirmed,2.51,4,6
2026-05-24,Maharashtra,Disease_X_NRP2026,21,0,0,313,0.0671,2,0,65.07,31.7,67.3,914,confirmed,2.51,4,6
2026-05-25,Maharashtra,Disease_X_NRP2026,22,0,0,191,0.1152,2,0,64.61,32.0,64.7,914,confirmed,2.51,4,6
2026-05-26,Maharashtra,Disease_X_NRP2026,20,0,0,206,0.0971,2,0,65.2,30.4,61.4,914,confirmed,2.51,4,6
2026-05-27,Maharashtra,Disease_X_NRP2026,32,1,0,285,0.1123,4,1,66.72,29.7,63.7,914,confirmed,2.51,4,6
2026-05-28,Maharashtra,Disease_X_NRP2026,20,1,0,208,0.0962,3,0,65.76,30.1,63.4,914,confirmed,2.51,4,6
2026-05-29,Maharashtra,Disease_X_NRP2026,25,0,0,226,0.1106,4,1,64.05,29.2,62.4,914,confirmed,2.51,4,6
2026-05-30,Maharashtra,Disease_X_NRP2026,26,2,0,202,0.1287,4,1,62.85,31.0,63.4,914,confirmed,2.51,4,6
2026-05-31,Maharashtra,Disease_X_NRP2026,30,0,0,394,0.0761,4,1,62.64,30.8,62.8,914,confirmed,2.51,4,6
2026-06-01,Maharashtra,Disease_X_NRP2026,32,1,0,312,0.1026,5,1,67.04,31.1,64.9,914,confirmed,2.51,4,6
2026-06-02,Maharashtra,Disease_X_NRP2026,28,1,0,217,0.129,4,1,65.4,31.0,66.6,914,confirmed,2.51,4,6
2026-06-03,Maharashtra,Disease_X_NRP2026,36,0,0,560,0.0643,5,1,63.28,31.1,61.0,914,confirmed,2.51,4,6
2026-06-04,Maharashtra,Disease_X_NRP2026,33,1,0,307,0.1075,5,1,63.03,31.8,63.7,914,confirmed,2.51,4,6
2026-06-05,Maharashtra,Disease_X_NRP2026,29,0,0,296,0.098,5,1,65.24,30.6,63.5,914,confirmed,2.51,4,6
2026-06-06,Maharashtra,Disease_X_NRP2026,42,2,0,545,0.0771,6,1,62.72,31.7,64.8,914,confirmed,2.51,4,6
2026-06-07,Maharashtra,Disease_X_NRP2026,41,0,0,450,0.0911,6,1,63.45,31.2,68.9,914,confirmed,2.51,4,6
2026-03-01,Telangana,Disease_X_NRP2026,0,0,0,200,0.0,0,0,65.18,29.7,58.5,1224,probable,2.86,4,6
2026-03-02,Telangana,Disease_X_NRP2026,0,0,0,230,0.0,0,0,69.12,30.4,62.3,1224,probable,2.86,4,6
2026-03-03,Telangana,Disease_X_NRP2026,0,0,0,186,0.0,0,0,67.29,29.9,60.2,1224,probable,2.86,4,6
2026-03-04,Telangana,Disease_X_NRP2026,0,0,0,196,0.0,0,0,63.0,30.9,59.5,1224,probable,2.86,4,6
2026-03-05,Telangana,Disease_X_NRP2026,0,0,0,199,0.0,0,0,66.3,30.0,60.6,1224,probable,2.86,4,6
2026-03-06,Telangana,Disease_X_NRP2026,0,0,0,190,0.0,0,0,67.1,30.2,60.7,1224,probable,2.86,4,6
2026-03-07,Telangana,Disease_X_NRP2026,0,0,0,227,0.0,0,0,66.57,31.1,57.9,1224,probable,2.86,4,6
2026-03-08,Telangana,Disease_X_NRP2026,0,0,0,189,0.0,0,0,68.41,29.7,58.7,1224,probable,2.86,4,6
2026-03-09,Telangana,Disease_X_NRP2026,0,0,0,172,0.0,0,0,65.83,29.2,60.0,1224,probable,2.86,4,6
2026-03-10,Telangana,Disease_X_NRP2026,0,0,0,183,0.0,0,0,61.62,28.9,58.8,1224,probable,2.86,4,6
2026-03-11,Telangana,Disease_X_NRP2026,0,0,0,195,0.0,0,0,65.0,29.3,60.7,1224,probable,2.86,4,6
2026-03-12,Telangana,Disease_X_NRP2026,0,0,0,209,0.0,0,0,64.42,30.9,59.9,1224,probable,2.86,4,6
2026-03-13,Telangana,Disease_X_NRP2026,0,0,0,194,0.0,0,0,64.34,28.6,60.7,1224,probable,2.86,4,6
2026-03-14,Telangana,Disease_X_NRP2026,0,0,0,217,0.0,0,0,64.95,29.6,54.2,1224,probable,2.86,4,6
2026-03-15,Telangana,Disease_X_NRP2026,0,0,0,210,0.0,0,0,64.25,29.8,59.7,1224,probable,2.86,4,6
2026-03-16,Telangana,Disease_X_NRP2026,0,0,0,212,0.0,0,0,62.68,29.6,57.8,1224,probable,2.86,4,6
2026-03-17,Telangana,Disease_X_NRP2026,0,0,0,200,0.0,0,0,66.65,30.6,58.8,1224,probable,2.86,4,6
2026-03-18,Telangana,Disease_X_NRP2026,0,0,0,249,0.0,0,0,67.38,29.6,59.7,1224,probable,2.86,4,6
2026-03-19,Telangana,Disease_X_NRP2026,0,0,0,207,0.0,0,0,65.79,31.3,56.0,1224,probable,2.86,4,6
2026-03-20,Telangana,Disease_X_NRP2026,0,0,0,196,0.0,0,0,69.25,30.6,56.9,1224,probable,2.86,4,6
2026-03-21,Telangana,Disease_X_NRP2026,1,0,0,238,0.0042,0,0,64.31,29.0,59.2,1224,confirmed,2.86,4,6
2026-03-22,Telangana,Disease_X_NRP2026,0,0,0,200,0.0,0,0,66.73,28.5,60.5,1224,probable,2.86,4,6
2026-03-23,Telangana,Disease_X_NRP2026,0,0,0,232,0.0,0,0,66.04,30.1,57.9,1224,probable,2.86,4,6
2026-03-24,Telangana,Disease_X_NRP2026,0,0,0,199,0.0,0,0,63.11,30.1,59.9,1224,probable,2.86,4,6
2026-03-25,Telangana,Disease_X_NRP2026,0,0,0,181,0.0,0,0,65.8,29.5,57.8,1224,probable,2.86,4,6
2026-03-26,Telangana,Disease_X_NRP2026,1,0,0,190,0.0053,0,0,63.1,30.0,57.8,1224,confirmed,2.86,4,6
2026-03-27,Telangana,Disease_X_NRP2026,0,0,0,187,0.0,0,0,65.02,31.4,62.7,1224,probable,2.86,4,6
2026-03-28,Telangana,Disease_X_NRP2026,0,0,0,186,0.0,0,0,68.72,31.4,60.6,1224,probable,2.86,4,6
2026-03-29,Telangana,Disease_X_NRP2026,1,0,0,200,0.005,0,0,64.44,29.3,56.7,1224,confirmed,2.86,4,6
2026-03-30,Telangana,Disease_X_NRP2026,0,0,0,203,0.0,0,0,67.22,28.8,59.6,1224,probable,2.86,4,6
2026-03-31,Telangana,Disease_X_NRP2026,0,0,0,209,0.0,0,0,65.79,31.2,55.7,1224,probable,2.86,4,6
2026-04-01,Telangana,Disease_X_NRP2026,0,0,0,206,0.0,0,0,66.76,32.5,60.6,1224,probable,2.86,4,6
2026-04-02,Telangana,Disease_X_NRP2026,0,0,0,203,0.0,0,0,65.95,31.0,58.1,1224,probable,2.86,4,6
2026-04-03,Telangana,Disease_X_NRP2026,0,0,0,211,0.0,0,0,63.51,31.8,58.3,1224,probable,2.86,4,6
2026-04-04,Telangana,Disease_X_NRP2026,0,0,0,193,0.0,0,0,65.04,30.4,59.5,1224,probable,2.86,4,6
2026-04-05,Telangana,Disease_X_NRP2026,0,0,0,199,0.0,0,0,64.74,32.7,55.8,1224,probable,2.86,4,6
2026-04-06,Telangana,Disease_X_NRP2026,1,0,0,222,0.0045,0,0,64.89,31.4,58.0,1224,confirmed,2.86,4,6
2026-04-07,Telangana,Disease_X_NRP2026,4,0,0,182,0.022,0,0,63.55,30.5,62.5,1224,confirmed,2.86,4,6
2026-04-08,Telangana,Disease_X_NRP2026,2,0,0,170,0.0118,0,0,64.27,31.9,61.3,1224,confirmed,2.86,4,6
2026-04-09,Telangana,Disease_X_NRP2026,4,0,0,224,0.0179,0,0,64.64,32.4,61.4,1224,confirmed,2.86,4,6
2026-04-10,Telangana,Disease_X_NRP2026,0,0,0,231,0.0,0,0,63.2,30.8,57.5,1224,probable,2.86,4,6
2026-04-11,Telangana,Disease_X_NRP2026,2,0,0,177,0.0113,0,0,62.92,31.2,55.9,1224,confirmed,2.86,4,6
2026-04-12,Telangana,Disease_X_NRP2026,3,0,0,186,0.0161,0,0,67.89,32.7,61.7,1224,confirmed,2.86,4,6
2026-04-13,Telangana,Disease_X_NRP2026,3,1,0,203,0.0148,0,0,65.35,32.2,62.2,1224,confirmed,2.86,4,6
2026-04-14,Telangana,Disease_X_NRP2026,6,0,0,207,0.029,0,0,65.79,31.6,60.6,1224,confirmed,2.86,4,6
2026-04-15,Telangana,Disease_X_NRP2026,4,0,0,185,0.0216,0,0,65.33,31.7,59.5,1224,confirmed,2.86,4,6
2026-04-16,Telangana,Disease_X_NRP2026,4,0,0,188,0.0213,0,0,65.51,31.2,60.3,1224,confirmed,2.86,4,6
2026-04-17,Telangana,Disease_X_NRP2026,5,0,0,181,0.0276,0,0,64.44,31.1,56.0,1224,confirmed,2.86,4,6
2026-04-18,Telangana,Disease_X_NRP2026,3,0,0,191,0.0157,0,0,63.96,31.2,62.7,1224,confirmed,2.86,4,6
2026-04-19,Telangana,Disease_X_NRP2026,2,0,0,199,0.0101,0,0,66.9,31.3,60.3,1224,confirmed,2.86,4,6
2026-04-20,Telangana,Disease_X_NRP2026,6,0,0,191,0.0314,0,0,65.86,30.6,61.6,1224,confirmed,2.86,4,6
2026-04-21,Telangana,Disease_X_NRP2026,6,0,0,197,0.0305,0,0,66.72,31.0,59.5,1224,confirmed,2.86,4,6
2026-04-22,Telangana,Disease_X_NRP2026,9,0,0,221,0.0407,1,0,62.88,32.1,59.2,1224,confirmed,2.86,4,6
2026-04-23,Telangana,Disease_X_NRP2026,6,0,0,168,0.0357,0,0,66.23,28.9,60.8,1224,confirmed,2.86,4,6
2026-04-24,Telangana,Disease_X_NRP2026,7,0,0,209,0.0335,0,0,61.01,30.7,60.0,1224,confirmed,2.86,4,6
2026-04-25,Telangana,Disease_X_NRP2026,9,0,0,197,0.0457,1,0,65.88,31.1,58.6,1224,confirmed,2.86,4,6
2026-04-26,Telangana,Disease_X_NRP2026,5,1,0,237,0.0211,0,0,64.63,31.1,59.7,1224,confirmed,2.86,4,6
2026-04-27,Telangana,Disease_X_NRP2026,7,0,0,177,0.0395,1,0,64.79,31.6,56.1,1224,confirmed,2.86,4,6
2026-04-28,Telangana,Disease_X_NRP2026,10,1,0,237,0.0422,1,0,65.83,33.4,59.6,1224,confirmed,2.86,4,6
2026-04-29,Telangana,Disease_X_NRP2026,8,0,0,193,0.0415,1,0,63.56,30.1,62.4,1224,confirmed,2.86,4,6
2026-04-30,Telangana,Disease_X_NRP2026,10,0,0,164,0.061,1,0,66.54,31.3,62.7,1224,confirmed,2.86,4,6
2026-05-01,Telangana,Disease_X_NRP2026,2,1,0,142,0.0141,0,0,66.33,32.3,58.4,1224,confirmed,2.86,4,6
2026-05-02,Telangana,Disease_X_NRP2026,7,0,0,184,0.038,0,0,67.43,33.1,61.9,1224,confirmed,2.86,4,6
2026-05-03,Telangana,Disease_X_NRP2026,7,0,0,185,0.0378,1,0,63.42,33.1,60.9,1224,confirmed,2.86,4,6
2026-05-04,Telangana,Disease_X_NRP2026,7,0,0,178,0.0393,1,0,66.68,30.8,60.3,1224,confirmed,2.86,4,6
2026-05-05,Telangana,Disease_X_NRP2026,15,0,0,199,0.0754,2,0,62.06,32.2,60.5,1224,confirmed,2.86,4,6
2026-05-06,Telangana,Disease_X_NRP2026,14,2,0,223,0.0628,2,0,66.54,31.2,57.3,1224,confirmed,2.86,4,6
2026-05-07,Telangana,Disease_X_NRP2026,16,1,0,184,0.087,2,0,66.04,31.9,61.9,1224,confirmed,2.86,4,6
2026-05-08,Telangana,Disease_X_NRP2026,11,2,0,224,0.0491,1,0,62.88,32.2,63.9,1224,confirmed,2.86,4,6
2026-05-09,Telangana,Disease_X_NRP2026,17,0,0,232,0.0733,2,0,63.91,31.5,59.9,1224,confirmed,2.86,4,6
2026-05-10,Telangana,Disease_X_NRP2026,15,1,0,207,0.0725,1,0,66.15,32.5,61.4,1224,confirmed,2.86,4,6
2026-05-11,Telangana,Disease_X_NRP2026,22,0,0,297,0.0741,3,0,65.0,32.3,58.0,1224,confirmed,2.86,4,6
2026-05-12,Telangana,Disease_X_NRP2026,15,0,0,200,0.075,2,0,64.89,31.9,61.2,1224,confirmed,2.86,4,6
2026-05-13,Telangana,Disease_X_NRP2026,15,0,0,196,0.0765,2,0,62.37,31.7,63.6,1224,confirmed,2.86,4,6
2026-05-14,Telangana,Disease_X_NRP2026,20,2,0,301,0.0664,3,0,63.93,33.1,64.7,1224,confirmed,2.86,4,6
2026-05-15,Telangana,Disease_X_NRP2026,20,1,0,245,0.0816,3,0,66.33,30.6,60.9,1224,confirmed,2.86,4,6
2026-05-16,Telangana,Disease_X_NRP2026,21,0,0,160,0.1312,2,0,64.94,30.7,61.3,1224,confirmed,2.86,4,6
2026-05-17,Telangana,Disease_X_NRP2026,20,0,0,212,0.0943,3,0,65.77,32.6,62.9,1224,confirmed,2.86,4,6
2026-05-18,Telangana,Disease_X_NRP2026,30,0,0,340,0.0882,4,0,67.75,33.1,62.4,1224,confirmed,2.86,4,6
2026-05-19,Telangana,Disease_X_NRP2026,39,2,0,447,0.0872,5,1,61.62,31.7,61.9,1224,confirmed,2.86,4,6
2026-05-20,Telangana,Disease_X_NRP2026,46,1,0,306,0.1503,5,1,67.18,31.9,62.4,1224,confirmed,2.86,4,6
2026-05-21,Telangana,Disease_X_NRP2026,42,3,0,499,0.0842,6,2,63.31,32.4,61.9,1224,confirmed,2.86,4,6
2026-05-22,Telangana,Disease_X_NRP2026,31,0,0,415,0.0747,4,1,63.77,33.2,62.2,1224,confirmed,2.86,4,6
2026-05-23,Telangana,Disease_X_NRP2026,37,1,0,577,0.0641,7,2,65.16,31.5,59.6,1224,confirmed,2.86,4,6
2026-05-24,Telangana,Disease_X_NRP2026,46,1,0,404,0.1139,5,1,65.39,33.3,64.1,1224,confirmed,2.86,4,6
2026-05-25,Telangana,Disease_X_NRP2026,52,1,0,577,0.0901,8,2,62.99,32.7,63.3,1224,confirmed,2.86,4,6
2026-05-26,Telangana,Disease_X_NRP2026,50,1,0,563,0.0888,7,2,60.67,31.2,63.6,1224,confirmed,2.86,4,6
2026-05-27,Telangana,Disease_X_NRP2026,34,3,0,310,0.1097,5,1,63.92,33.3,63.4,1224,confirmed,2.86,4,6
2026-05-28,Telangana,Disease_X_NRP2026,49,1,0,573,0.0855,6,1,60.68,33.1,62.0,1224,confirmed,2.86,4,6
2026-05-29,Telangana,Disease_X_NRP2026,67,3,0,755,0.0887,9,1,61.12,31.8,62.9,1224,confirmed,2.86,4,6
2026-05-30,Telangana,Disease_X_NRP2026,68,1,0,644,0.1056,12,3,63.61,32.1,63.9,1224,confirmed,2.86,4,6
2026-05-31,Telangana,Disease_X_NRP2026,73,0,0,686,0.1064,13,2,62.37,31.9,60.5,1224,confirmed,2.86,4,6
2026-06-01,Telangana,Disease_X_NRP2026,70,2,0,850,0.0824,11,2,61.4,32.7,62.8,1224,confirmed,2.86,4,6
2026-06-02,Telangana,Disease_X_NRP2026,83,1,0,979,0.0848,12,2,63.95,33.6,67.7,1224,confirmed,2.86,4,6
2026-06-03,Telangana,Disease_X_NRP2026,77,4,0,1089,0.0707,10,2,63.77,32.9,62.4,1224,confirmed,2.86,4,6
2026-06-04,Telangana,Disease_X_NRP2026,103,3,0,1358,0.0758,19,3,63.88,32.9,66.6,1224,confirmed,2.86,4,6
2026-06-05,Telangana,Disease_X_NRP2026,113,1,0,973,0.1161,22,4,63.69,33.1,64.9,1224,confirmed,2.86,4,6
2026-06-06,Telangana,Disease_X_NRP2026,112,1,0,1377,0.0813,17,5,61.16,31.6,64.6,1224,confirmed,2.86,4,6
2026-06-07,Telangana,Disease_X_NRP2026,105,1,0,1520,0.0691,13,3,62.35,32.2,63.3,1224,confirmed,2.86,4,6
2026-03-01,Delhi,Disease_X_NRP2026,0,0,0,195,0.0,0,0,63.41,32.0,47.8,862,probable,2.37,4,6
2026-03-02,Delhi,Disease_X_NRP2026,0,0,0,173,0.0,0,0,66.25,33.2,46.2,862,probable,2.37,4,6
2026-03-03,Delhi,Disease_X_NRP2026,0,0,0,226,0.0,0,0,64.49,31.8,47.8,862,probable,2.37,4,6
2026-03-04,Delhi,Disease_X_NRP2026,0,0,0,213,0.0,0,0,65.5,32.0,46.6,862,probable,2.37,4,6
2026-03-05,Delhi,Disease_X_NRP2026,0,0,0,217,0.0,0,0,64.02,32.9,49.6,862,probable,2.37,4,6
2026-03-06,Delhi,Disease_X_NRP2026,0,0,0,184,0.0,0,0,65.1,32.6,48.2,862,probable,2.37,4,6
2026-03-07,Delhi,Disease_X_NRP2026,0,0,0,213,0.0,0,0,65.59,32.3,50.2,862,probable,2.37,4,6
2026-03-08,Delhi,Disease_X_NRP2026,0,0,0,205,0.0,0,0,66.39,30.4,45.9,862,probable,2.37,4,6
2026-03-09,Delhi,Disease_X_NRP2026,0,0,0,223,0.0,0,0,69.32,34.0,46.5,862,probable,2.37,4,6
2026-03-10,Delhi,Disease_X_NRP2026,0,0,0,195,0.0,0,0,66.2,32.8,48.9,862,probable,2.37,4,6
2026-03-11,Delhi,Disease_X_NRP2026,0,0,0,203,0.0,0,0,65.75,31.0,45.6,862,probable,2.37,4,6
2026-03-12,Delhi,Disease_X_NRP2026,0,0,0,200,0.0,0,0,67.69,32.2,46.0,862,probable,2.37,4,6
2026-03-13,Delhi,Disease_X_NRP2026,0,0,0,174,0.0,0,0,66.45,31.7,46.0,862,probable,2.37,4,6
2026-03-14,Delhi,Disease_X_NRP2026,0,0,0,208,0.0,0,0,64.6,31.6,48.9,862,probable,2.37,4,6
2026-03-15,Delhi,Disease_X_NRP2026,0,0,0,212,0.0,0,0,65.09,32.2,47.8,862,probable,2.37,4,6
2026-03-16,Delhi,Disease_X_NRP2026,0,0,0,187,0.0,0,0,66.18,31.5,50.2,862,probable,2.37,4,6
2026-03-17,Delhi,Disease_X_NRP2026,0,0,0,179,0.0,0,0,65.79,31.3,43.6,862,probable,2.37,4,6
2026-03-18,Delhi,Disease_X_NRP2026,0,0,0,173,0.0,0,0,63.62,32.6,48.2,862,probable,2.37,4,6
2026-03-19,Delhi,Disease_X_NRP2026,0,0,0,205,0.0,0,0,64.56,31.4,48.2,862,probable,2.37,4,6
2026-03-20,Delhi,Disease_X_NRP2026,0,0,0,202,0.0,0,0,67.08,31.7,49.7,862,probable,2.37,4,6
2026-03-21,Delhi,Disease_X_NRP2026,0,0,0,233,0.0,0,0,66.26,32.4,49.0,862,probable,2.37,4,6
2026-03-22,Delhi,Disease_X_NRP2026,0,0,0,199,0.0,0,0,64.51,32.5,46.0,862,probable,2.37,4,6
2026-03-23,Delhi,Disease_X_NRP2026,0,0,0,230,0.0,0,0,67.48,32.1,46.5,862,probable,2.37,4,6
2026-03-24,Delhi,Disease_X_NRP2026,0,0,0,195,0.0,0,0,64.91,32.1,49.5,862,probable,2.37,4,6
2026-03-25,Delhi,Disease_X_NRP2026,1,0,0,186,0.0054,0,0,63.77,33.9,49.4,862,confirmed,2.37,4,6
2026-03-26,Delhi,Disease_X_NRP2026,0,0,0,182,0.0,0,0,66.8,32.3,49.5,862,probable,2.37,4,6
2026-03-27,Delhi,Disease_X_NRP2026,0,0,0,194,0.0,0,0,64.26,32.5,46.9,862,probable,2.37,4,6
2026-03-28,Delhi,Disease_X_NRP2026,0,0,0,220,0.0,0,0,64.77,31.6,46.5,862,probable,2.37,4,6
2026-03-29,Delhi,Disease_X_NRP2026,0,0,0,171,0.0,0,0,63.74,31.7,49.6,862,probable,2.37,4,6
2026-03-30,Delhi,Disease_X_NRP2026,1,0,0,182,0.0055,0,0,64.33,32.4,42.6,862,confirmed,2.37,4,6
2026-03-31,Delhi,Disease_X_NRP2026,0,0,0,203,0.0,0,0,69.39,33.6,48.9,862,probable,2.37,4,6
2026-04-01,Delhi,Disease_X_NRP2026,1,0,0,206,0.0049,0,0,68.44,33.3,48.8,862,confirmed,2.37,4,6
2026-04-02,Delhi,Disease_X_NRP2026,0,0,0,165,0.0,0,0,65.3,32.8,48.7,862,probable,2.37,4,6
2026-04-03,Delhi,Disease_X_NRP2026,0,0,0,197,0.0,0,0,65.31,34.2,48.6,862,probable,2.37,4,6
2026-04-04,Delhi,Disease_X_NRP2026,0,0,0,158,0.0,0,0,68.86,32.9,47.7,862,probable,2.37,4,6
2026-04-05,Delhi,Disease_X_NRP2026,0,0,0,151,0.0,0,0,63.29,33.3,46.2,862,probable,2.37,4,6
2026-04-06,Delhi,Disease_X_NRP2026,1,0,0,176,0.0057,0,0,67.65,33.4,45.1,862,confirmed,2.37,4,6
2026-04-07,Delhi,Disease_X_NRP2026,0,0,0,204,0.0,0,0,67.15,33.9,48.7,862,probable,2.37,4,6
2026-04-08,Delhi,Disease_X_NRP2026,1,0,0,232,0.0043,0,0,66.34,33.1,44.4,862,confirmed,2.37,4,6
2026-04-09,Delhi,Disease_X_NRP2026,2,0,0,200,0.01,0,0,63.04,33.2,46.0,862,confirmed,2.37,4,6
2026-04-10,Delhi,Disease_X_NRP2026,0,0,0,206,0.0,0,0,65.39,33.7,49.3,862,probable,2.37,4,6
2026-04-11,Delhi,Disease_X_NRP2026,2,0,0,218,0.0092,0,0,65.16,32.4,45.4,862,confirmed,2.37,4,6
2026-04-12,Delhi,Disease_X_NRP2026,1,0,0,200,0.005,0,0,68.18,31.8,45.2,862,confirmed,2.37,4,6
2026-04-13,Delhi,Disease_X_NRP2026,4,0,0,185,0.0216,0,0,67.01,32.4,47.2,862,confirmed,2.37,4,6
2026-04-14,Delhi,Disease_X_NRP2026,0,0,0,181,0.0,0,0,66.0,34.6,47.8,862,probable,2.37,4,6
2026-04-15,Delhi,Disease_X_NRP2026,3,0,0,186,0.0161,0,0,65.67,34.1,52.3,862,confirmed,2.37,4,6
2026-04-16,Delhi,Disease_X_NRP2026,4,0,0,173,0.0231,0,0,68.24,33.9,47.1,862,confirmed,2.37,4,6
2026-04-17,Delhi,Disease_X_NRP2026,2,0,0,216,0.0093,0,0,64.84,34.1,45.4,862,confirmed,2.37,4,6
2026-04-18,Delhi,Disease_X_NRP2026,5,0,0,204,0.0245,0,0,65.77,33.9,50.1,862,confirmed,2.37,4,6
2026-04-19,Delhi,Disease_X_NRP2026,3,0,0,204,0.0147,0,0,64.22,32.5,47.8,862,confirmed,2.37,4,6
2026-04-20,Delhi,Disease_X_NRP2026,2,0,0,233,0.0086,0,0,64.86,33.9,47.6,862,confirmed,2.37,4,6
2026-04-21,Delhi,Disease_X_NRP2026,4,0,0,194,0.0206,0,0,64.27,32.2,46.8,862,confirmed,2.37,4,6
2026-04-22,Delhi,Disease_X_NRP2026,5,2,0,195,0.0256,0,0,65.63,32.8,48.9,862,confirmed,2.37,4,6
2026-04-23,Delhi,Disease_X_NRP2026,1,0,0,194,0.0052,0,0,65.98,33.5,47.9,862,confirmed,2.37,4,6
2026-04-24,Delhi,Disease_X_NRP2026,2,0,0,209,0.0096,0,0,66.83,33.4,50.5,862,confirmed,2.37,4,6
2026-04-25,Delhi,Disease_X_NRP2026,6,0,0,192,0.0312,1,0,67.21,32.8,46.4,862,confirmed,2.37,4,6
2026-04-26,Delhi,Disease_X_NRP2026,1,0,0,245,0.0041,0,0,64.49,34.0,45.3,862,confirmed,2.37,4,6
2026-04-27,Delhi,Disease_X_NRP2026,6,0,0,177,0.0339,0,0,65.63,32.7,47.6,862,confirmed,2.37,4,6
2026-04-28,Delhi,Disease_X_NRP2026,3,1,0,215,0.014,0,0,67.17,35.4,49.0,862,confirmed,2.37,4,6
2026-04-29,Delhi,Disease_X_NRP2026,8,0,0,178,0.0449,1,0,65.94,32.7,45.4,862,confirmed,2.37,4,6
2026-04-30,Delhi,Disease_X_NRP2026,1,1,0,198,0.0051,0,0,65.79,31.7,49.9,862,confirmed,2.37,4,6
2026-05-01,Delhi,Disease_X_NRP2026,4,1,0,185,0.0216,0,0,63.59,34.4,48.6,862,confirmed,2.37,4,6
2026-05-02,Delhi,Disease_X_NRP2026,4,0,0,188,0.0213,0,0,65.62,34.5,48.3,862,confirmed,2.37,4,6
2026-05-03,Delhi,Disease_X_NRP2026,3,0,0,208,0.0144,0,0,66.64,32.8,48.6,862,confirmed,2.37,4,6
2026-05-04,Delhi,Disease_X_NRP2026,7,0,0,247,0.0283,1,0,66.83,34.5,49.2,862,confirmed,2.37,4,6
2026-05-05,Delhi,Disease_X_NRP2026,8,0,0,214,0.0374,1,0,65.65,33.4,49.6,862,confirmed,2.37,4,6
2026-05-06,Delhi,Disease_X_NRP2026,11,0,0,205,0.0537,1,0,64.71,33.6,51.1,862,confirmed,2.37,4,6
2026-05-07,Delhi,Disease_X_NRP2026,8,0,0,192,0.0417,1,0,61.74,35.7,49.5,862,confirmed,2.37,4,6
2026-05-08,Delhi,Disease_X_NRP2026,9,1,0,236,0.0381,1,0,66.29,34.6,48.6,862,confirmed,2.37,4,6
2026-05-09,Delhi,Disease_X_NRP2026,8,0,0,213,0.0376,1,0,65.16,34.5,53.6,862,confirmed,2.37,4,6
2026-05-10,Delhi,Disease_X_NRP2026,9,0,0,219,0.0411,1,0,65.51,35.5,48.9,862,confirmed,2.37,4,6
2026-05-11,Delhi,Disease_X_NRP2026,7,0,0,192,0.0365,0,0,66.81,34.9,50.3,862,confirmed,2.37,4,6
2026-05-12,Delhi,Disease_X_NRP2026,8,0,0,192,0.0417,1,0,64.45,33.0,48.5,862,confirmed,2.37,4,6
2026-05-13,Delhi,Disease_X_NRP2026,9,0,0,185,0.0486,1,0,67.28,35.3,47.9,862,confirmed,2.37,4,6
2026-05-14,Delhi,Disease_X_NRP2026,15,1,0,177,0.0847,2,0,66.44,34.0,47.8,862,confirmed,2.37,4,6
2026-05-15,Delhi,Disease_X_NRP2026,7,0,0,222,0.0315,0,0,63.95,33.3,50.9,862,confirmed,2.37,4,6
2026-05-16,Delhi,Disease_X_NRP2026,13,1,0,188,0.0691,2,0,66.4,34.8,45.3,862,confirmed,2.37,4,6
2026-05-17,Delhi,Disease_X_NRP2026,8,0,0,222,0.036,1,0,64.77,35.6,50.3,862,confirmed,2.37,4,6
2026-05-18,Delhi,Disease_X_NRP2026,20,1,0,228,0.0877,3,0,64.95,33.7,52.3,862,confirmed,2.37,4,6
2026-05-19,Delhi,Disease_X_NRP2026,15,0,0,215,0.0698,2,0,63.88,34.8,50.1,862,confirmed,2.37,4,6
2026-05-20,Delhi,Disease_X_NRP2026,8,0,0,185,0.0432,1,0,64.09,33.6,49.2,862,confirmed,2.37,4,6
2026-05-21,Delhi,Disease_X_NRP2026,19,0,0,225,0.0844,2,0,64.25,34.0,52.0,862,confirmed,2.37,4,6
2026-05-22,Delhi,Disease_X_NRP2026,19,1,0,197,0.0964,2,0,66.04,34.1,52.2,862,confirmed,2.37,4,6
2026-05-23,Delhi,Disease_X_NRP2026,18,1,0,172,0.1047,2,0,64.21,35.1,49.9,862,confirmed,2.37,4,6
2026-05-24,Delhi,Disease_X_NRP2026,18,0,0,200,0.09,2,0,64.51,35.2,49.1,862,confirmed,2.37,4,6
2026-05-25,Delhi,Disease_X_NRP2026,21,0,0,206,0.1019,2,0,66.54,34.0,51.0,862,confirmed,2.37,4,6
2026-05-26,Delhi,Disease_X_NRP2026,20,1,0,217,0.0922,3,0,61.9,35.1,47.7,862,confirmed,2.37,4,6
2026-05-27,Delhi,Disease_X_NRP2026,15,1,0,226,0.0664,2,0,65.88,34.8,50.3,862,confirmed,2.37,4,6
2026-05-28,Delhi,Disease_X_NRP2026,27,1,0,226,0.1195,5,1,64.58,33.6,46.3,862,confirmed,2.37,4,6
2026-05-29,Delhi,Disease_X_NRP2026,30,1,0,246,0.122,4,1,64.41,34.3,47.6,862,confirmed,2.37,4,6
2026-05-30,Delhi,Disease_X_NRP2026,20,1,0,192,0.1042,3,0,63.51,34.8,51.1,862,confirmed,2.37,4,6
2026-05-31,Delhi,Disease_X_NRP2026,27,2,0,256,0.1055,4,1,67.77,33.4,49.4,862,confirmed,2.37,4,6
2026-06-01,Delhi,Disease_X_NRP2026,30,3,0,259,0.1158,5,1,67.43,34.2,53.1,862,confirmed,2.37,4,6
2026-06-02,Delhi,Disease_X_NRP2026,30,1,0,412,0.0728,5,1,63.35,35.3,52.0,862,confirmed,2.37,4,6
2026-06-03,Delhi,Disease_X_NRP2026,33,1,0,342,0.0965,4,1,65.05,34.3,49.4,862,confirmed,2.37,4,6
2026-06-04,Delhi,Disease_X_NRP2026,32,1,0,288,0.1111,4,1,62.63,34.7,52.3,862,confirmed,2.37,4,6
2026-06-05,Delhi,Disease_X_NRP2026,43,1,0,501,0.0858,6,1,64.98,34.1,52.4,862,confirmed,2.37,4,6
2026-06-06,Delhi,Disease_X_NRP2026,36,1,0,422,0.0853,5,1,63.64,35.0,52.2,862,confirmed,2.37,4,6
2026-06-07,Delhi,Disease_X_NRP2026,43,1,0,371,0.1159,7,1,65.82,33.5,51.4,862,confirmed,2.37,4,6
2026-03-01,West Bengal,Disease_X_NRP2026,0,0,0,194,0.0,0,0,62.27,29.3,73.9,921,probable,2.53,4,6
2026-03-02,West Bengal,Disease_X_NRP2026,0,0,0,164,0.0,0,0,65.8,29.2,77.8,921,probable,2.53,4,6
2026-03-03,West Bengal,Disease_X_NRP2026,0,0,0,209,0.0,0,0,65.01,29.7,74.3,921,probable,2.53,4,6
2026-03-04,West Bengal,Disease_X_NRP2026,0,0,0,211,0.0,0,0,63.85,29.5,77.4,921,probable,2.53,4,6
2026-03-05,West Bengal,Disease_X_NRP2026,0,0,0,202,0.0,0,0,65.32,29.5,69.2,921,probable,2.53,4,6
2026-03-06,West Bengal,Disease_X_NRP2026,0,0,0,204,0.0,0,0,64.9,30.6,73.6,921,probable,2.53,4,6
2026-03-07,West Bengal,Disease_X_NRP2026,0,0,0,165,0.0,0,0,65.95,28.8,75.0,921,probable,2.53,4,6
2026-03-08,West Bengal,Disease_X_NRP2026,0,0,0,176,0.0,0,0,65.36,29.5,74.4,921,probable,2.53,4,6
2026-03-09,West Bengal,Disease_X_NRP2026,0,0,0,197,0.0,0,0,63.84,28.0,73.6,921,probable,2.53,4,6
2026-03-10,West Bengal,Disease_X_NRP2026,0,0,0,162,0.0,0,0,65.79,29.4,75.7,921,probable,2.53,4,6
2026-03-11,West Bengal,Disease_X_NRP2026,0,0,0,204,0.0,0,0,62.96,29.2,77.9,921,probable,2.53,4,6
2026-03-12,West Bengal,Disease_X_NRP2026,0,0,0,172,0.0,0,0,65.95,30.4,72.3,921,probable,2.53,4,6
2026-03-13,West Bengal,Disease_X_NRP2026,0,0,0,209,0.0,0,0,68.55,28.1,74.5,921,probable,2.53,4,6
2026-03-14,West Bengal,Disease_X_NRP2026,0,0,0,194,0.0,0,0,62.85,29.7,77.9,921,probable,2.53,4,6
2026-03-15,West Bengal,Disease_X_NRP2026,0,0,0,261,0.0,0,0,65.01,29.7,74.9,921,probable,2.53,4,6
2026-03-16,West Bengal,Disease_X_NRP2026,0,0,0,238,0.0,0,0,62.14,30.0,73.5,921,probable,2.53,4,6
2026-03-17,West Bengal,Disease_X_NRP2026,0,0,0,222,0.0,0,0,67.56,29.7,69.3,921,probable,2.53,4,6
2026-03-18,West Bengal,Disease_X_NRP2026,0,0,0,198,0.0,0,0,64.14,27.9,75.4,921,probable,2.53,4,6
2026-03-19,West Bengal,Disease_X_NRP2026,0,0,0,189,0.0,0,0,62.89,31.3,75.2,921,probable,2.53,4,6
2026-03-20,West Bengal,Disease_X_NRP2026,0,0,0,206,0.0,0,0,66.4,29.9,76.7,921,probable,2.53,4,6
2026-03-21,West Bengal,Disease_X_NRP2026,0,0,0,176,0.0,0,0,64.51,30.3,77.5,921,probable,2.53,4,6
2026-03-22,West Bengal,Disease_X_NRP2026,0,0,0,168,0.0,0,0,64.87,30.1,71.6,921,probable,2.53,4,6
2026-03-23,West Bengal,Disease_X_NRP2026,0,0,0,204,0.0,0,0,64.69,28.3,74.8,921,probable,2.53,4,6
2026-03-24,West Bengal,Disease_X_NRP2026,2,0,0,185,0.0108,0,0,64.95,28.7,70.4,921,confirmed,2.53,4,6
2026-03-25,West Bengal,Disease_X_NRP2026,0,0,0,189,0.0,0,0,64.5,28.8,75.9,921,probable,2.53,4,6
2026-03-26,West Bengal,Disease_X_NRP2026,0,0,0,206,0.0,0,0,64.06,29.3,72.6,921,probable,2.53,4,6
2026-03-27,West Bengal,Disease_X_NRP2026,1,0,0,168,0.006,0,0,65.94,28.7,76.5,921,confirmed,2.53,4,6
2026-03-28,West Bengal,Disease_X_NRP2026,1,0,0,219,0.0046,0,0,65.78,27.9,76.8,921,confirmed,2.53,4,6
2026-03-29,West Bengal,Disease_X_NRP2026,0,0,0,155,0.0,0,0,64.87,28.7,73.0,921,probable,2.53,4,6
2026-03-30,West Bengal,Disease_X_NRP2026,0,0,0,223,0.0,0,0,67.76,28.7,71.0,921,probable,2.53,4,6
2026-03-31,West Bengal,Disease_X_NRP2026,0,0,0,197,0.0,0,0,66.99,27.8,74.6,921,probable,2.53,4,6
2026-04-01,West Bengal,Disease_X_NRP2026,0,0,0,185,0.0,0,0,68.06,30.9,68.9,921,probable,2.53,4,6
2026-04-02,West Bengal,Disease_X_NRP2026,0,0,0,215,0.0,0,0,62.59,31.0,74.9,921,probable,2.53,4,6
2026-04-03,West Bengal,Disease_X_NRP2026,1,0,0,203,0.0049,0,0,63.78,31.6,72.5,921,confirmed,2.53,4,6
2026-04-04,West Bengal,Disease_X_NRP2026,1,0,0,223,0.0045,0,0,65.97,31.8,71.4,921,confirmed,2.53,4,6
2026-04-05,West Bengal,Disease_X_NRP2026,0,0,0,184,0.0,0,0,67.38,31.1,70.0,921,probable,2.53,4,6
2026-04-06,West Bengal,Disease_X_NRP2026,0,0,0,200,0.0,0,0,63.08,32.7,76.1,921,probable,2.53,4,6
2026-04-07,West Bengal,Disease_X_NRP2026,0,0,0,176,0.0,0,0,64.76,30.6,77.0,921,probable,2.53,4,6
2026-04-08,West Bengal,Disease_X_NRP2026,1,0,0,198,0.0051,0,0,66.27,31.6,73.6,921,confirmed,2.53,4,6
2026-04-09,West Bengal,Disease_X_NRP2026,0,0,0,264,0.0,0,0,66.74,30.4,78.9,921,probable,2.53,4,6
2026-04-10,West Bengal,Disease_X_NRP2026,0,0,0,219,0.0,0,0,65.4,30.4,75.3,921,probable,2.53,4,6
2026-04-11,West Bengal,Disease_X_NRP2026,1,0,0,205,0.0049,0,0,63.57,31.6,70.4,921,confirmed,2.53,4,6
2026-04-12,West Bengal,Disease_X_NRP2026,0,0,0,239,0.0,0,0,65.99,31.9,77.1,921,probable,2.53,4,6
2026-04-13,West Bengal,Disease_X_NRP2026,0,0,0,209,0.0,0,0,66.53,30.4,74.8,921,probable,2.53,4,6
2026-04-14,West Bengal,Disease_X_NRP2026,2,0,0,217,0.0092,0,0,65.6,31.8,72.2,921,confirmed,2.53,4,6
2026-04-15,West Bengal,Disease_X_NRP2026,1,0,0,187,0.0053,0,0,63.83,31.4,72.3,921,confirmed,2.53,4,6
2026-04-16,West Bengal,Disease_X_NRP2026,2,0,0,222,0.009,0,0,64.08,29.9,73.5,921,confirmed,2.53,4,6
2026-04-17,West Bengal,Disease_X_NRP2026,1,0,0,202,0.005,0,0,68.3,31.2,76.9,921,confirmed,2.53,4,6
2026-04-18,West Bengal,Disease_X_NRP2026,1,0,0,249,0.004,0,0,64.96,31.8,74.4,921,confirmed,2.53,4,6
2026-04-19,West Bengal,Disease_X_NRP2026,2,0,0,189,0.0106,0,0,65.57,30.8,74.9,921,confirmed,2.53,4,6
2026-04-20,West Bengal,Disease_X_NRP2026,2,0,0,210,0.0095,0,0,64.0,30.5,70.9,921,confirmed,2.53,4,6
2026-04-21,West Bengal,Disease_X_NRP2026,4,0,0,211,0.019,0,0,66.37,31.7,71.3,921,confirmed,2.53,4,6
2026-04-22,West Bengal,Disease_X_NRP2026,0,0,0,202,0.0,0,0,64.78,30.8,78.8,921,probable,2.53,4,6
2026-04-23,West Bengal,Disease_X_NRP2026,2,0,0,215,0.0093,0,0,65.93,30.0,72.9,921,confirmed,2.53,4,6
2026-04-24,West Bengal,Disease_X_NRP2026,1,0,0,252,0.004,0,0,66.27,31.8,75.0,921,confirmed,2.53,4,6
2026-04-25,West Bengal,Disease_X_NRP2026,4,0,0,182,0.022,0,0,65.22,31.1,76.1,921,confirmed,2.53,4,6
2026-04-26,West Bengal,Disease_X_NRP2026,2,0,0,211,0.0095,0,0,63.08,30.1,72.5,921,confirmed,2.53,4,6
2026-04-27,West Bengal,Disease_X_NRP2026,3,0,0,214,0.014,0,0,67.23,32.4,73.1,921,confirmed,2.53,4,6
2026-04-28,West Bengal,Disease_X_NRP2026,0,0,0,224,0.0,0,0,65.6,31.1,73.7,921,probable,2.53,4,6
2026-04-29,West Bengal,Disease_X_NRP2026,1,1,0,198,0.0051,0,0,66.53,30.8,71.6,921,confirmed,2.53,4,6
2026-04-30,West Bengal,Disease_X_NRP2026,4,0,0,197,0.0203,0,0,63.97,31.4,75.2,921,confirmed,2.53,4,6
2026-05-01,West Bengal,Disease_X_NRP2026,5,0,0,214,0.0234,0,0,65.59,31.1,76.7,921,confirmed,2.53,4,6
2026-05-02,West Bengal,Disease_X_NRP2026,3,0,0,183,0.0164,0,0,66.9,32.1,75.0,921,confirmed,2.53,4,6
2026-05-03,West Bengal,Disease_X_NRP2026,3,0,0,181,0.0166,0,0,65.99,32.4,75.0,921,confirmed,2.53,4,6
2026-05-04,West Bengal,Disease_X_NRP2026,7,1,0,211,0.0332,1,0,64.67,30.7,75.6,921,confirmed,2.53,4,6
2026-05-05,West Bengal,Disease_X_NRP2026,3,0,0,219,0.0137,0,0,67.22,31.4,76.9,921,confirmed,2.53,4,6
2026-05-06,West Bengal,Disease_X_NRP2026,6,0,0,237,0.0253,0,0,65.27,31.3,76.0,921,confirmed,2.53,4,6
2026-05-07,West Bengal,Disease_X_NRP2026,5,0,0,144,0.0347,0,0,66.99,32.8,75.4,921,confirmed,2.53,4,6
2026-05-08,West Bengal,Disease_X_NRP2026,6,0,0,201,0.0299,0,0,64.66,30.3,76.2,921,confirmed,2.53,4,6
2026-05-09,West Bengal,Disease_X_NRP2026,8,0,0,191,0.0419,1,0,64.24,33.5,74.7,921,confirmed,2.53,4,6
2026-05-10,West Bengal,Disease_X_NRP2026,4,0,0,214,0.0187,0,0,65.95,31.4,75.8,921,confirmed,2.53,4,6
2026-05-11,West Bengal,Disease_X_NRP2026,4,0,0,167,0.024,0,0,65.44,31.8,74.7,921,confirmed,2.53,4,6
2026-05-12,West Bengal,Disease_X_NRP2026,6,0,0,231,0.026,0,0,64.3,30.4,78.3,921,confirmed,2.53,4,6
2026-05-13,West Bengal,Disease_X_NRP2026,4,0,0,174,0.023,0,0,64.69,31.8,77.4,921,confirmed,2.53,4,6
2026-05-14,West Bengal,Disease_X_NRP2026,5,1,0,219,0.0228,0,0,64.79,33.8,74.6,921,confirmed,2.53,4,6
2026-05-15,West Bengal,Disease_X_NRP2026,5,0,0,222,0.0225,0,0,65.83,31.9,75.0,921,confirmed,2.53,4,6
2026-05-16,West Bengal,Disease_X_NRP2026,10,0,0,146,0.0685,1,0,64.88,32.8,77.8,921,confirmed,2.53,4,6
2026-05-17,West Bengal,Disease_X_NRP2026,7,0,0,171,0.0409,1,0,66.72,31.7,75.8,921,confirmed,2.53,4,6
2026-05-18,West Bengal,Disease_X_NRP2026,12,1,0,245,0.049,2,0,67.84,31.0,73.8,921,confirmed,2.53,4,6
2026-05-19,West Bengal,Disease_X_NRP2026,14,0,0,243,0.0576,2,0,62.19,31.6,76.8,921,confirmed,2.53,4,6
2026-05-20,West Bengal,Disease_X_NRP2026,12,0,0,183,0.0656,1,0,62.58,31.6,77.6,921,confirmed,2.53,4,6
2026-05-21,West Bengal,Disease_X_NRP2026,13,0,0,209,0.0622,2,0,66.2,31.8,79.2,921,confirmed,2.53,4,6
2026-05-22,West Bengal,Disease_X_NRP2026,16,0,0,216,0.0741,1,0,63.97,32.1,78.4,921,confirmed,2.53,4,6
2026-05-23,West Bengal,Disease_X_NRP2026,9,1,0,220,0.0409,1,0,65.1,32.2,75.8,921,confirmed,2.53,4,6
2026-05-24,West Bengal,Disease_X_NRP2026,16,0,0,196,0.0816,2,0,63.51,32.6,74.3,921,confirmed,2.53,4,6
2026-05-25,West Bengal,Disease_X_NRP2026,10,0,0,210,0.0476,1,0,67.21,31.5,77.5,921,confirmed,2.53,4,6
2026-05-26,West Bengal,Disease_X_NRP2026,13,1,0,193,0.0674,1,0,61.7,32.0,74.4,921,confirmed,2.53,4,6
2026-05-27,West Bengal,Disease_X_NRP2026,22,0,0,279,0.0789,3,1,64.95,31.2,75.8,921,confirmed,2.53,4,6
2026-05-28,West Bengal,Disease_X_NRP2026,16,0,0,201,0.0796,2,0,66.37,32.1,75.2,921,confirmed,2.53,4,6
2026-05-29,West Bengal,Disease_X_NRP2026,17,0,0,247,0.0688,2,0,63.74,31.7,78.0,921,confirmed,2.53,4,6
2026-05-30,West Bengal,Disease_X_NRP2026,23,0,0,289,0.0796,4,1,64.8,31.9,75.6,921,confirmed,2.53,4,6
2026-05-31,West Bengal,Disease_X_NRP2026,29,0,0,290,0.1,3,0,63.0,32.7,78.5,921,confirmed,2.53,4,6
2026-06-01,West Bengal,Disease_X_NRP2026,21,1,0,245,0.0857,3,0,65.42,32.8,80.3,921,confirmed,2.53,4,6
2026-06-02,West Bengal,Disease_X_NRP2026,19,0,0,183,0.1038,2,0,63.81,31.6,76.7,921,confirmed,2.53,4,6
2026-06-03,West Bengal,Disease_X_NRP2026,29,0,0,299,0.097,5,1,66.0,32.5,77.9,921,confirmed,2.53,4,6
2026-06-04,West Bengal,Disease_X_NRP2026,22,0,0,368,0.0598,3,0,63.56,32.2,79.1,921,confirmed,2.53,4,6
2026-06-05,West Bengal,Disease_X_NRP2026,29,4,0,391,0.0742,4,1,64.37,32.2,82.1,921,confirmed,2.53,4,6
2026-06-06,West Bengal,Disease_X_NRP2026,22,3,0,236,0.0932,3,0,64.22,32.0,81.6,921,confirmed,2.53,4,6
2026-06-07,West Bengal,Disease_X_NRP2026,43,0,0,514,0.0837,7,1,63.68,31.9,81.2,921,confirmed,2.53,4,6
2026-03-01,Uttar Pradesh,Disease_X_NRP2026,0,0,0,185,0.0,0,0,64.41,29.9,55.3,1496,probable,2.86,4,6
2026-03-02,Uttar Pradesh,Disease_X_NRP2026,0,0,0,169,0.0,0,0,64.11,30.2,55.9,1496,probable,2.86,4,6
2026-03-03,Uttar Pradesh,Disease_X_NRP2026,0,0,0,222,0.0,0,0,65.3,29.5,55.4,1496,probable,2.86,4,6
2026-03-04,Uttar Pradesh,Disease_X_NRP2026,0,0,0,213,0.0,0,0,64.87,29.9,56.7,1496,probable,2.86,4,6
2026-03-05,Uttar Pradesh,Disease_X_NRP2026,0,0,0,216,0.0,0,0,64.05,30.9,55.8,1496,probable,2.86,4,6
2026-03-06,Uttar Pradesh,Disease_X_NRP2026,0,0,0,192,0.0,0,0,62.41,31.2,50.6,1496,probable,2.86,4,6
2026-03-07,Uttar Pradesh,Disease_X_NRP2026,0,0,0,207,0.0,0,0,65.19,30.1,56.5,1496,probable,2.86,4,6
2026-03-08,Uttar Pradesh,Disease_X_NRP2026,0,0,0,169,0.0,0,0,65.12,31.2,57.6,1496,probable,2.86,4,6
2026-03-09,Uttar Pradesh,Disease_X_NRP2026,0,0,0,200,0.0,0,0,65.21,30.4,53.8,1496,probable,2.86,4,6
2026-03-10,Uttar Pradesh,Disease_X_NRP2026,0,0,0,215,0.0,0,0,65.27,29.1,54.6,1496,probable,2.86,4,6
2026-03-11,Uttar Pradesh,Disease_X_NRP2026,0,0,0,178,0.0,0,0,63.76,31.5,57.9,1496,probable,2.86,4,6
2026-03-12,Uttar Pradesh,Disease_X_NRP2026,0,0,0,177,0.0,0,0,64.62,31.5,55.7,1496,probable,2.86,4,6
2026-03-13,Uttar Pradesh,Disease_X_NRP2026,0,0,0,221,0.0,0,0,67.14,30.5,55.2,1496,probable,2.86,4,6
2026-03-14,Uttar Pradesh,Disease_X_NRP2026,0,0,0,184,0.0,0,0,64.4,31.6,56.6,1496,probable,2.86,4,6
2026-03-15,Uttar Pradesh,Disease_X_NRP2026,0,0,0,211,0.0,0,0,66.63,30.7,58.0,1496,probable,2.86,4,6
2026-03-16,Uttar Pradesh,Disease_X_NRP2026,0,0,0,205,0.0,0,0,63.95,30.1,58.4,1496,probable,2.86,4,6
2026-03-17,Uttar Pradesh,Disease_X_NRP2026,0,0,0,212,0.0,0,0,65.76,30.1,56.4,1496,probable,2.86,4,6
2026-03-18,Uttar Pradesh,Disease_X_NRP2026,0,0,0,216,0.0,0,0,65.12,31.1,56.7,1496,probable,2.86,4,6
2026-03-19,Uttar Pradesh,Disease_X_NRP2026,0,0,0,180,0.0,0,0,63.62,29.9,53.0,1496,probable,2.86,4,6
2026-03-20,Uttar Pradesh,Disease_X_NRP2026,0,0,0,199,0.0,0,0,64.74,29.7,57.0,1496,probable,2.86,4,6
2026-03-21,Uttar Pradesh,Disease_X_NRP2026,0,0,0,206,0.0,0,0,65.74,30.3,53.0,1496,probable,2.86,4,6
2026-03-22,Uttar Pradesh,Disease_X_NRP2026,0,0,0,234,0.0,0,0,68.71,31.2,55.6,1496,probable,2.86,4,6
2026-03-23,Uttar Pradesh,Disease_X_NRP2026,0,0,0,200,0.0,0,0,65.05,29.7,59.6,1496,probable,2.86,4,6
2026-03-24,Uttar Pradesh,Disease_X_NRP2026,0,0,0,196,0.0,0,0,66.49,29.6,57.6,1496,probable,2.86,4,6
2026-03-25,Uttar Pradesh,Disease_X_NRP2026,0,0,0,224,0.0,0,0,65.01,30.3,55.3,1496,probable,2.86,4,6
2026-03-26,Uttar Pradesh,Disease_X_NRP2026,1,0,0,222,0.0045,0,0,66.77,31.0,55.2,1496,confirmed,2.86,4,6
2026-03-27,Uttar Pradesh,Disease_X_NRP2026,2,0,0,196,0.0102,0,0,67.04,29.2,54.6,1496,confirmed,2.86,4,6
2026-03-28,Uttar Pradesh,Disease_X_NRP2026,0,0,0,205,0.0,0,0,62.44,30.3,58.5,1496,probable,2.86,4,6
2026-03-29,Uttar Pradesh,Disease_X_NRP2026,0,0,0,193,0.0,0,0,63.04,30.7,55.0,1496,probable,2.86,4,6
2026-03-30,Uttar Pradesh,Disease_X_NRP2026,0,0,0,191,0.0,0,0,64.39,29.8,51.8,1496,probable,2.86,4,6
2026-03-31,Uttar Pradesh,Disease_X_NRP2026,0,0,0,239,0.0,0,0,67.75,30.1,55.8,1496,probable,2.86,4,6
2026-04-01,Uttar Pradesh,Disease_X_NRP2026,0,0,0,200,0.0,0,0,63.31,32.3,55.5,1496,probable,2.86,4,6
2026-04-02,Uttar Pradesh,Disease_X_NRP2026,1,0,0,177,0.0056,0,0,65.13,31.1,55.8,1496,confirmed,2.86,4,6
2026-04-03,Uttar Pradesh,Disease_X_NRP2026,0,0,0,166,0.0,0,0,66.2,32.1,54.3,1496,probable,2.86,4,6
2026-04-04,Uttar Pradesh,Disease_X_NRP2026,0,0,0,248,0.0,0,0,65.66,31.5,54.1,1496,probable,2.86,4,6
2026-04-05,Uttar Pradesh,Disease_X_NRP2026,1,0,0,190,0.0053,0,0,66.4,33.8,54.7,1496,confirmed,2.86,4,6
2026-04-06,Uttar Pradesh,Disease_X_NRP2026,0,0,0,203,0.0,0,0,64.56,33.1,56.7,1496,probable,2.86,4,6
2026-04-07,Uttar Pradesh,Disease_X_NRP2026,0,0,0,201,0.0,0,0,66.81,31.1,60.4,1496,probable,2.86,4,6
2026-04-08,Uttar Pradesh,Disease_X_NRP2026,0,0,0,190,0.0,0,0,63.02,30.2,56.6,1496,probable,2.86,4,6
2026-04-09,Uttar Pradesh,Disease_X_NRP2026,1,0,0,184,0.0054,0,0,64.14,30.7,55.8,1496,confirmed,2.86,4,6
2026-04-10,Uttar Pradesh,Disease_X_NRP2026,3,0,0,186,0.0161,0,0,64.63,30.0,54.9,1496,confirmed,2.86,4,6
2026-04-11,Uttar Pradesh,Disease_X_NRP2026,1,0,0,200,0.005,0,0,63.96,30.6,60.3,1496,confirmed,2.86,4,6
2026-04-12,Uttar Pradesh,Disease_X_NRP2026,1,0,0,186,0.0054,0,0,64.16,31.9,55.0,1496,confirmed,2.86,4,6
2026-04-13,Uttar Pradesh,Disease_X_NRP2026,0,0,0,193,0.0,0,0,64.99,31.2,54.4,1496,probable,2.86,4,6
2026-04-14,Uttar Pradesh,Disease_X_NRP2026,3,0,0,177,0.0169,0,0,64.37,32.2,57.9,1496,confirmed,2.86,4,6
2026-04-15,Uttar Pradesh,Disease_X_NRP2026,4,0,0,214,0.0187,0,0,63.79,30.1,59.3,1496,confirmed,2.86,4,6
2026-04-16,Uttar Pradesh,Disease_X_NRP2026,0,0,0,179,0.0,0,0,68.84,31.4,58.3,1496,probable,2.86,4,6
2026-04-17,Uttar Pradesh,Disease_X_NRP2026,5,0,0,191,0.0262,0,0,67.42,32.0,55.4,1496,confirmed,2.86,4,6
2026-04-18,Uttar Pradesh,Disease_X_NRP2026,3,0,0,185,0.0162,0,0,66.19,30.9,56.7,1496,confirmed,2.86,4,6
2026-04-19,Uttar Pradesh,Disease_X_NRP2026,5,0,0,195,0.0256,0,0,64.37,32.5,57.6,1496,confirmed,2.86,4,6
2026-04-20,Uttar Pradesh,Disease_X_NRP2026,3,0,0,165,0.0182,0,0,66.53,32.8,54.1,1496,confirmed,2.86,4,6
2026-04-21,Uttar Pradesh,Disease_X_NRP2026,3,0,0,180,0.0167,0,0,62.5,31.5,58.1,1496,confirmed,2.86,4,6
2026-04-22,Uttar Pradesh,Disease_X_NRP2026,8,0,0,253,0.0316,1,0,64.91,33.0,55.4,1496,confirmed,2.86,4,6
2026-04-23,Uttar Pradesh,Disease_X_NRP2026,8,0,0,204,0.0392,1,0,64.95,32.6,57.1,1496,confirmed,2.86,4,6
2026-04-24,Uttar Pradesh,Disease_X_NRP2026,8,0,0,179,0.0447,1,0,64.68,31.4,56.6,1496,confirmed,2.86,4,6
2026-04-25,Uttar Pradesh,Disease_X_NRP2026,7,0,0,205,0.0341,1,0,65.18,33.3,59.0,1496,confirmed,2.86,4,6
2026-04-26,Uttar Pradesh,Disease_X_NRP2026,6,0,0,174,0.0345,1,0,66.78,31.2,60.1,1496,confirmed,2.86,4,6
2026-04-27,Uttar Pradesh,Disease_X_NRP2026,5,0,0,208,0.024,0,0,62.78,31.5,55.3,1496,confirmed,2.86,4,6
2026-04-28,Uttar Pradesh,Disease_X_NRP2026,5,1,0,218,0.0229,0,0,66.46,32.5,55.5,1496,confirmed,2.86,4,6
2026-04-29,Uttar Pradesh,Disease_X_NRP2026,9,0,0,195,0.0462,1,0,64.72,32.4,55.6,1496,confirmed,2.86,4,6
2026-04-30,Uttar Pradesh,Disease_X_NRP2026,7,0,0,214,0.0327,1,0,64.44,31.1,56.9,1496,confirmed,2.86,4,6
2026-05-01,Uttar Pradesh,Disease_X_NRP2026,6,1,0,217,0.0276,1,0,67.95,34.0,61.2,1496,confirmed,2.86,4,6
2026-05-02,Uttar Pradesh,Disease_X_NRP2026,11,0,0,200,0.055,1,0,63.39,33.0,59.2,1496,confirmed,2.86,4,6
2026-05-03,Uttar Pradesh,Disease_X_NRP2026,12,0,0,202,0.0594,2,0,63.99,34.3,55.2,1496,confirmed,2.86,4,6
2026-05-04,Uttar Pradesh,Disease_X_NRP2026,9,1,0,173,0.052,1,0,63.93,34.0,61.8,1496,confirmed,2.86,4,6
2026-05-05,Uttar Pradesh,Disease_X_NRP2026,14,0,0,196,0.0714,2,0,65.88,33.9,60.9,1496,confirmed,2.86,4,6
2026-05-06,Uttar Pradesh,Disease_X_NRP2026,16,0,0,249,0.0643,2,0,63.9,33.5,57.9,1496,confirmed,2.86,4,6
2026-05-07,Uttar Pradesh,Disease_X_NRP2026,15,0,0,162,0.0926,2,0,65.7,33.0,55.5,1496,confirmed,2.86,4,6
2026-05-08,Uttar Pradesh,Disease_X_NRP2026,11,1,0,202,0.0545,1,0,62.08,32.9,60.6,1496,confirmed,2.86,4,6
2026-05-09,Uttar Pradesh,Disease_X_NRP2026,21,1,0,267,0.0787,2,0,66.78,34.2,59.9,1496,confirmed,2.86,4,6
2026-05-10,Uttar Pradesh,Disease_X_NRP2026,18,0,0,232,0.0776,2,0,61.34,31.4,59.8,1496,confirmed,2.86,4,6
2026-05-11,Uttar Pradesh,Disease_X_NRP2026,23,3,0,344,0.0669,3,0,66.4,31.6,60.9,1496,confirmed,2.86,4,6
2026-05-12,Uttar Pradesh,Disease_X_NRP2026,26,1,0,391,0.0665,3,0,66.09,31.9,61.5,1496,confirmed,2.86,4,6
2026-05-13,Uttar Pradesh,Disease_X_NRP2026,31,0,0,273,0.1136,6,1,64.15,32.4,54.3,1496,confirmed,2.86,4,6
2026-05-14,Uttar Pradesh,Disease_X_NRP2026,32,1,0,302,0.106,4,1,65.83,34.1,58.9,1496,confirmed,2.86,4,6
2026-05-15,Uttar Pradesh,Disease_X_NRP2026,33,2,0,307,0.1075,4,0,63.67,34.8,58.4,1496,confirmed,2.86,4,6
2026-05-16,Uttar Pradesh,Disease_X_NRP2026,24,1,0,273,0.0879,3,0,64.06,31.7,60.3,1496,confirmed,2.86,4,6
2026-05-17,Uttar Pradesh,Disease_X_NRP2026,40,1,0,487,0.0821,7,1,62.42,31.9,58.8,1496,confirmed,2.86,4,6
2026-05-18,Uttar Pradesh,Disease_X_NRP2026,35,2,0,418,0.0837,4,0,64.98,32.5,61.0,1496,confirmed,2.86,4,6
2026-05-19,Uttar Pradesh,Disease_X_NRP2026,30,2,0,341,0.088,4,1,64.24,32.3,58.4,1496,confirmed,2.86,4,6
2026-05-20,Uttar Pradesh,Disease_X_NRP2026,38,3,0,409,0.0929,7,1,64.01,32.2,58.6,1496,confirmed,2.86,4,6
2026-05-21,Uttar Pradesh,Disease_X_NRP2026,44,0,0,662,0.0665,6,1,64.47,32.1,57.3,1496,confirmed,2.86,4,6
2026-05-22,Uttar Pradesh,Disease_X_NRP2026,35,0,0,415,0.0843,5,1,64.66,31.3,58.0,1496,confirmed,2.86,4,6
2026-05-23,Uttar Pradesh,Disease_X_NRP2026,54,2,0,785,0.0688,7,1,64.78,33.8,57.0,1496,confirmed,2.86,4,6
2026-05-24,Uttar Pradesh,Disease_X_NRP2026,60,4,0,729,0.0823,9,3,62.6,31.0,57.8,1496,confirmed,2.86,4,6
2026-05-25,Uttar Pradesh,Disease_X_NRP2026,72,1,0,793,0.0908,12,3,61.67,33.1,55.8,1496,confirmed,2.86,4,6
2026-05-26,Uttar Pradesh,Disease_X_NRP2026,82,6,0,694,0.1182,13,4,63.45,32.4,59.9,1496,confirmed,2.86,4,6
2026-05-27,Uttar Pradesh,Disease_X_NRP2026,87,5,0,719,0.121,16,3,61.72,33.6,56.6,1496,confirmed,2.86,4,6
2026-05-28,Uttar Pradesh,Disease_X_NRP2026,76,3,0,705,0.1078,11,2,65.9,32.8,58.7,1496,confirmed,2.86,4,6
2026-05-29,Uttar Pradesh,Disease_X_NRP2026,92,1,0,1618,0.0569,17,4,61.6,32.8,58.6,1496,confirmed,2.86,4,6
2026-05-30,Uttar Pradesh,Disease_X_NRP2026,112,2,0,1386,0.0808,15,4,61.74,32.6,59.5,1496,confirmed,2.86,4,6
2026-05-31,Uttar Pradesh,Disease_X_NRP2026,109,2,0,1753,0.0622,15,4,62.69,31.3,58.8,1496,confirmed,2.86,4,6
2026-06-01,Uttar Pradesh,Disease_X_NRP2026,108,5,0,1014,0.1065,19,4,62.61,31.9,64.4,1496,confirmed,2.86,4,6
2026-06-02,Uttar Pradesh,Disease_X_NRP2026,114,4,0,1488,0.0766,18,3,64.67,32.1,57.5,1496,confirmed,2.86,4,6
2026-06-03,Uttar Pradesh,Disease_X_NRP2026,128,5,0,1155,0.1108,22,5,62.15,32.0,61.0,1496,confirmed,2.86,4,6
2026-06-04,Uttar Pradesh,Disease_X_NRP2026,149,3,0,2074,0.0718,27,8,60.36,33.2,62.5,1496,confirmed,2.86,4,6
2026-06-05,Uttar Pradesh,Disease_X_NRP2026,141,11,0,1505,0.0937,17,3,60.1,32.6,59.5,1496,confirmed,2.86,4,6
2026-06-06,Uttar Pradesh,Disease_X_NRP2026,162,6,0,1603,0.1011,19,5,62.21,32.3,59.7,1496,confirmed,2.86,4,6
2026-06-07,Uttar Pradesh,Disease_X_NRP2026,171,6,0,2407,0.071,30,6,61.32,32.3,60.6,1496,confirmed,2.86,4,6
2026-03-01,Gujarat,Disease_X_NRP2026,0,0,0,220,0.0,0,0,62.89,32.0,52.8,1238,probable,2.86,4,6
2026-03-02,Gujarat,Disease_X_NRP2026,0,0,0,175,0.0,0,0,64.06,32.2,54.2,1238,probable,2.86,4,6
2026-03-03,Gujarat,Disease_X_NRP2026,0,0,0,212,0.0,0,0,63.44,29.6,52.2,1238,probable,2.86,4,6
2026-03-04,Gujarat,Disease_X_NRP2026,0,0,0,238,0.0,0,0,63.57,31.8,55.7,1238,probable,2.86,4,6
2026-03-05,Gujarat,Disease_X_NRP2026,0,0,0,170,0.0,0,0,61.77,31.4,52.1,1238,probable,2.86,4,6
2026-03-06,Gujarat,Disease_X_NRP2026,0,0,0,198,0.0,0,0,62.71,32.3,53.0,1238,probable,2.86,4,6
2026-03-07,Gujarat,Disease_X_NRP2026,0,0,0,193,0.0,0,0,61.66,30.6,51.2,1238,probable,2.86,4,6
2026-03-08,Gujarat,Disease_X_NRP2026,0,0,0,171,0.0,0,0,62.53,30.3,53.1,1238,probable,2.86,4,6
2026-03-09,Gujarat,Disease_X_NRP2026,0,0,0,223,0.0,0,0,64.5,30.2,51.5,1238,probable,2.86,4,6
2026-03-10,Gujarat,Disease_X_NRP2026,0,0,0,207,0.0,0,0,63.15,31.7,51.4,1238,probable,2.86,4,6
2026-03-11,Gujarat,Disease_X_NRP2026,0,0,0,184,0.0,0,0,64.41,31.5,54.6,1238,probable,2.86,4,6
2026-03-12,Gujarat,Disease_X_NRP2026,0,0,0,219,0.0,0,0,60.96,32.4,51.7,1238,probable,2.86,4,6
2026-03-13,Gujarat,Disease_X_NRP2026,0,0,0,206,0.0,0,0,62.4,30.3,52.3,1238,probable,2.86,4,6
2026-03-14,Gujarat,Disease_X_NRP2026,0,0,0,160,0.0,0,0,63.52,30.9,52.9,1238,probable,2.86,4,6
2026-03-15,Gujarat,Disease_X_NRP2026,0,0,0,174,0.0,0,0,64.09,32.1,54.3,1238,probable,2.86,4,6
2026-03-16,Gujarat,Disease_X_NRP2026,0,0,0,212,0.0,0,0,63.64,30.6,51.5,1238,probable,2.86,4,6
2026-03-17,Gujarat,Disease_X_NRP2026,0,0,0,221,0.0,0,0,62.22,31.4,55.6,1238,probable,2.86,4,6
2026-03-18,Gujarat,Disease_X_NRP2026,0,0,0,183,0.0,0,0,65.82,32.0,54.4,1238,probable,2.86,4,6
2026-03-19,Gujarat,Disease_X_NRP2026,0,0,0,159,0.0,0,0,63.63,31.7,53.2,1238,probable,2.86,4,6
2026-03-20,Gujarat,Disease_X_NRP2026,0,0,0,165,0.0,0,0,62.89,32.0,51.9,1238,probable,2.86,4,6
2026-03-21,Gujarat,Disease_X_NRP2026,0,0,0,230,0.0,0,0,60.3,29.6,50.6,1238,probable,2.86,4,6
2026-03-22,Gujarat,Disease_X_NRP2026,0,0,0,213,0.0,0,0,62.11,32.3,53.3,1238,probable,2.86,4,6
2026-03-23,Gujarat,Disease_X_NRP2026,0,0,0,206,0.0,0,0,63.07,29.6,51.6,1238,probable,2.86,4,6
2026-03-24,Gujarat,Disease_X_NRP2026,0,0,0,185,0.0,0,0,62.7,31.0,45.8,1238,probable,2.86,4,6
2026-03-25,Gujarat,Disease_X_NRP2026,0,0,0,191,0.0,0,0,64.31,32.6,52.4,1238,probable,2.86,4,6
2026-03-26,Gujarat,Disease_X_NRP2026,0,0,0,214,0.0,0,0,64.71,31.5,51.8,1238,probable,2.86,4,6
2026-03-27,Gujarat,Disease_X_NRP2026,0,0,0,187,0.0,0,0,64.99,30.3,54.8,1238,probable,2.86,4,6
2026-03-28,Gujarat,Disease_X_NRP2026,0,0,0,186,0.0,0,0,64.56,30.6,52.4,1238,probable,2.86,4,6
2026-03-29,Gujarat,Disease_X_NRP2026,0,0,0,196,0.0,0,0,64.0,31.8,53.3,1238,probable,2.86,4,6
2026-03-30,Gujarat,Disease_X_NRP2026,1,0,0,227,0.0044,0,0,62.92,30.6,55.4,1238,confirmed,2.86,4,6
2026-03-31,Gujarat,Disease_X_NRP2026,0,0,0,207,0.0,0,0,63.75,30.0,55.6,1238,probable,2.86,4,6
2026-04-01,Gujarat,Disease_X_NRP2026,0,0,0,194,0.0,0,0,63.52,32.1,53.7,1238,probable,2.86,4,6
2026-04-02,Gujarat,Disease_X_NRP2026,1,0,0,214,0.0047,0,0,63.26,33.1,53.9,1238,confirmed,2.86,4,6
2026-04-03,Gujarat,Disease_X_NRP2026,1,0,0,213,0.0047,0,0,64.71,32.8,52.1,1238,confirmed,2.86,4,6
2026-04-04,Gujarat,Disease_X_NRP2026,0,0,0,216,0.0,0,0,62.41,31.6,53.8,1238,probable,2.86,4,6
2026-04-05,Gujarat,Disease_X_NRP2026,0,0,0,226,0.0,0,0,61.4,31.7,58.3,1238,probable,2.86,4,6
2026-04-06,Gujarat,Disease_X_NRP2026,0,0,0,251,0.0,0,0,60.91,32.4,50.8,1238,probable,2.86,4,6
2026-04-07,Gujarat,Disease_X_NRP2026,0,0,0,216,0.0,0,0,62.13,33.2,53.3,1238,probable,2.86,4,6
2026-04-08,Gujarat,Disease_X_NRP2026,1,0,0,193,0.0052,0,0,64.99,31.9,54.4,1238,confirmed,2.86,4,6
2026-04-09,Gujarat,Disease_X_NRP2026,0,0,0,221,0.0,0,0,63.83,32.6,53.8,1238,probable,2.86,4,6
2026-04-10,Gujarat,Disease_X_NRP2026,0,0,0,201,0.0,0,0,65.29,30.9,55.0,1238,probable,2.86,4,6
2026-04-11,Gujarat,Disease_X_NRP2026,1,0,0,190,0.0053,0,0,62.22,31.4,53.0,1238,confirmed,2.86,4,6
2026-04-12,Gujarat,Disease_X_NRP2026,0,0,0,197,0.0,0,0,62.67,32.8,51.0,1238,probable,2.86,4,6
2026-04-13,Gujarat,Disease_X_NRP2026,0,0,0,214,0.0,0,0,63.98,33.8,49.8,1238,probable,2.86,4,6
2026-04-14,Gujarat,Disease_X_NRP2026,1,0,0,211,0.0047,0,0,64.75,33.3,51.7,1238,confirmed,2.86,4,6
2026-04-15,Gujarat,Disease_X_NRP2026,0,0,0,180,0.0,0,0,62.95,33.2,56.0,1238,probable,2.86,4,6
2026-04-16,Gujarat,Disease_X_NRP2026,1,0,0,212,0.0047,0,0,63.06,33.3,53.0,1238,confirmed,2.86,4,6
2026-04-17,Gujarat,Disease_X_NRP2026,1,0,0,167,0.006,0,0,62.72,33.0,53.5,1238,confirmed,2.86,4,6
2026-04-18,Gujarat,Disease_X_NRP2026,0,0,0,187,0.0,0,0,63.01,33.0,58.3,1238,probable,2.86,4,6
2026-04-19,Gujarat,Disease_X_NRP2026,2,0,0,175,0.0114,0,0,64.89,32.7,54.8,1238,confirmed,2.86,4,6
2026-04-20,Gujarat,Disease_X_NRP2026,2,0,0,241,0.0083,0,0,63.66,32.5,50.2,1238,confirmed,2.86,4,6
2026-04-21,Gujarat,Disease_X_NRP2026,2,0,0,215,0.0093,0,0,65.2,32.1,51.6,1238,confirmed,2.86,4,6
2026-04-22,Gujarat,Disease_X_NRP2026,0,0,0,256,0.0,0,0,62.97,32.0,59.1,1238,probable,2.86,4,6
2026-04-23,Gujarat,Disease_X_NRP2026,1,0,0,199,0.005,0,0,62.44,32.0,54.5,1238,confirmed,2.86,4,6
2026-04-24,Gujarat,Disease_X_NRP2026,1,0,0,211,0.0047,0,0,63.07,31.3,56.3,1238,confirmed,2.86,4,6
2026-04-25,Gujarat,Disease_X_NRP2026,2,0,0,196,0.0102,0,0,65.42,31.5,51.6,1238,confirmed,2.86,4,6
2026-04-26,Gujarat,Disease_X_NRP2026,3,0,0,174,0.0172,0,0,62.68,32.3,54.0,1238,confirmed,2.86,4,6
2026-04-27,Gujarat,Disease_X_NRP2026,1,0,0,225,0.0044,0,0,64.5,32.8,51.3,1238,confirmed,2.86,4,6
2026-04-28,Gujarat,Disease_X_NRP2026,3,0,0,194,0.0155,0,0,63.41,32.7,54.0,1238,confirmed,2.86,4,6
2026-04-29,Gujarat,Disease_X_NRP2026,3,0,0,206,0.0146,0,0,64.56,32.2,52.8,1238,confirmed,2.86,4,6
2026-04-30,Gujarat,Disease_X_NRP2026,3,0,0,194,0.0155,0,0,64.31,32.7,55.2,1238,confirmed,2.86,4,6
2026-05-01,Gujarat,Disease_X_NRP2026,4,0,0,174,0.023,0,0,64.27,33.6,52.5,1238,confirmed,2.86,4,6
2026-05-02,Gujarat,Disease_X_NRP2026,8,0,0,156,0.0513,1,0,66.89,34.1,55.3,1238,confirmed,2.86,4,6
2026-05-03,Gujarat,Disease_X_NRP2026,4,0,0,201,0.0199,0,0,62.64,31.8,56.1,1238,confirmed,2.86,4,6
2026-05-04,Gujarat,Disease_X_NRP2026,3,0,0,219,0.0137,0,0,63.42,34.4,57.7,1238,confirmed,2.86,4,6
2026-05-05,Gujarat,Disease_X_NRP2026,3,0,0,183,0.0164,0,0,62.43,32.2,57.5,1238,confirmed,2.86,4,6
2026-05-06,Gujarat,Disease_X_NRP2026,6,0,0,200,0.03,0,0,66.56,33.4,56.1,1238,confirmed,2.86,4,6
2026-05-07,Gujarat,Disease_X_NRP2026,7,0,0,186,0.0376,0,0,62.24,32.9,58.8,1238,confirmed,2.86,4,6
2026-05-08,Gujarat,Disease_X_NRP2026,5,0,0,231,0.0216,0,0,64.32,33.6,56.1,1238,confirmed,2.86,4,6
2026-05-09,Gujarat,Disease_X_NRP2026,8,0,0,225,0.0356,1,0,61.75,33.4,56.1,1238,confirmed,2.86,4,6
2026-05-10,Gujarat,Disease_X_NRP2026,3,0,0,199,0.0151,0,0,66.24,31.8,55.8,1238,confirmed,2.86,4,6
2026-05-11,Gujarat,Disease_X_NRP2026,7,0,0,209,0.0335,1,0,62.85,33.6,53.8,1238,confirmed,2.86,4,6
2026-05-12,Gujarat,Disease_X_NRP2026,7,1,0,232,0.0302,1,0,64.65,33.3,58.2,1238,confirmed,2.86,4,6
2026-05-13,Gujarat,Disease_X_NRP2026,5,0,0,217,0.023,0,0,66.24,32.8,59.9,1238,confirmed,2.86,4,6
2026-05-14,Gujarat,Disease_X_NRP2026,10,0,0,225,0.0444,1,0,64.06,34.0,55.4,1238,confirmed,2.86,4,6
2026-05-15,Gujarat,Disease_X_NRP2026,2,0,0,184,0.0109,0,0,62.02,33.1,57.6,1238,confirmed,2.86,4,6
2026-05-16,Gujarat,Disease_X_NRP2026,5,0,0,242,0.0207,0,0,64.82,32.2,54.6,1238,confirmed,2.86,4,6
2026-05-17,Gujarat,Disease_X_NRP2026,6,0,0,225,0.0267,0,0,59.1,31.9,53.6,1238,confirmed,2.86,4,6
2026-05-18,Gujarat,Disease_X_NRP2026,5,0,0,192,0.026,0,0,65.6,32.8,54.4,1238,confirmed,2.86,4,6
2026-05-19,Gujarat,Disease_X_NRP2026,13,0,0,229,0.0568,2,0,61.14,33.1,59.5,1238,confirmed,2.86,4,6
2026-05-20,Gujarat,Disease_X_NRP2026,3,0,0,172,0.0174,0,0,64.83,33.3,55.6,1238,confirmed,2.86,4,6
2026-05-21,Gujarat,Disease_X_NRP2026,5,1,0,202,0.0248,0,0,60.98,34.1,57.1,1238,confirmed,2.86,4,6
2026-05-22,Gujarat,Disease_X_NRP2026,8,1,0,190,0.0421,0,0,63.96,32.6,54.5,1238,confirmed,2.86,4,6
2026-05-23,Gujarat,Disease_X_NRP2026,8,0,0,210,0.0381,1,0,65.17,33.5,53.5,1238,confirmed,2.86,4,6
2026-05-24,Gujarat,Disease_X_NRP2026,13,3,0,200,0.065,2,0,62.57,33.6,54.3,1238,confirmed,2.86,4,6
2026-05-25,Gujarat,Disease_X_NRP2026,11,0,0,217,0.0507,1,0,62.56,32.9,53.9,1238,confirmed,2.86,4,6
2026-05-26,Gujarat,Disease_X_NRP2026,16,0,0,190,0.0842,2,0,64.19,34.5,56.3,1238,confirmed,2.86,4,6
2026-05-27,Gujarat,Disease_X_NRP2026,7,0,0,213,0.0329,0,0,63.07,31.8,55.0,1238,confirmed,2.86,4,6
2026-05-28,Gujarat,Disease_X_NRP2026,14,0,0,223,0.0628,2,0,64.82,34.2,55.5,1238,confirmed,2.86,4,6
2026-05-29,Gujarat,Disease_X_NRP2026,8,0,0,157,0.051,1,0,61.89,31.4,54.1,1238,confirmed,2.86,4,6
2026-05-30,Gujarat,Disease_X_NRP2026,10,0,0,181,0.0552,1,0,60.3,35.2,54.8,1238,confirmed,2.86,4,6
2026-05-31,Gujarat,Disease_X_NRP2026,15,1,0,201,0.0746,1,0,61.31,32.7,55.2,1238,confirmed,2.86,4,6
2026-06-01,Gujarat,Disease_X_NRP2026,16,0,0,230,0.0696,1,0,64.35,33.6,62.0,1238,confirmed,2.86,4,6
2026-06-02,Gujarat,Disease_X_NRP2026,24,0,0,353,0.068,3,1,62.51,34.4,56.1,1238,confirmed,2.86,4,6
2026-06-03,Gujarat,Disease_X_NRP2026,11,0,0,170,0.0647,1,0,62.99,33.8,57.6,1238,confirmed,2.86,4,6
2026-06-04,Gujarat,Disease_X_NRP2026,14,0,0,195,0.0718,1,0,60.86,32.4,58.7,1238,confirmed,2.86,4,6
2026-06-05,Gujarat,Disease_X_NRP2026,12,1,0,205,0.0585,1,0,62.3,34.0,59.4,1238,confirmed,2.86,4,6
2026-06-06,Gujarat,Disease_X_NRP2026,20,1,0,186,0.1075,3,1,63.21,33.3,55.0,1238,confirmed,2.86,4,6
2026-06-07,Gujarat,Disease_X_NRP2026,19,2,0,227,0.0837,3,0,67.42,33.3,52.4,1238,confirmed,2.86,4,6
2026-03-01,Rajasthan,Disease_X_NRP2026,0,0,0,188,0.0,0,0,63.47,33.6,37.6,1457,probable,2.86,4,6
2026-03-02,Rajasthan,Disease_X_NRP2026,0,0,0,189,0.0,0,0,63.1,34.5,37.6,1457,probable,2.86,4,6
2026-03-03,Rajasthan,Disease_X_NRP2026,0,0,0,192,0.0,0,0,61.65,34.8,35.2,1457,probable,2.86,4,6
2026-03-04,Rajasthan,Disease_X_NRP2026,0,0,0,203,0.0,0,0,64.69,34.8,35.1,1457,probable,2.86,4,6
2026-03-05,Rajasthan,Disease_X_NRP2026,0,0,0,176,0.0,0,0,64.09,33.5,39.8,1457,probable,2.86,4,6
2026-03-06,Rajasthan,Disease_X_NRP2026,0,0,0,185,0.0,0,0,64.9,35.5,39.5,1457,probable,2.86,4,6
2026-03-07,Rajasthan,Disease_X_NRP2026,0,0,0,215,0.0,0,0,62.72,33.4,35.8,1457,probable,2.86,4,6
2026-03-08,Rajasthan,Disease_X_NRP2026,0,0,0,185,0.0,0,0,61.16,34.4,38.4,1457,probable,2.86,4,6
2026-03-09,Rajasthan,Disease_X_NRP2026,0,0,0,169,0.0,0,0,66.34,34.9,36.2,1457,probable,2.86,4,6
2026-03-10,Rajasthan,Disease_X_NRP2026,0,0,0,209,0.0,0,0,63.53,32.9,36.8,1457,probable,2.86,4,6
2026-03-11,Rajasthan,Disease_X_NRP2026,0,0,0,198,0.0,0,0,66.02,35.9,34.3,1457,probable,2.86,4,6
2026-03-12,Rajasthan,Disease_X_NRP2026,0,0,0,208,0.0,0,0,62.92,35.0,41.2,1457,probable,2.86,4,6
2026-03-13,Rajasthan,Disease_X_NRP2026,0,0,0,232,0.0,0,0,63.3,35.1,35.1,1457,probable,2.86,4,6
2026-03-14,Rajasthan,Disease_X_NRP2026,0,0,0,250,0.0,0,0,63.72,35.1,40.6,1457,probable,2.86,4,6
2026-03-15,Rajasthan,Disease_X_NRP2026,0,0,0,215,0.0,0,0,65.39,33.0,36.4,1457,probable,2.86,4,6
2026-03-16,Rajasthan,Disease_X_NRP2026,0,0,0,192,0.0,0,0,64.75,34.8,37.0,1457,probable,2.86,4,6
2026-03-17,Rajasthan,Disease_X_NRP2026,0,0,0,220,0.0,0,0,63.62,33.4,39.6,1457,probable,2.86,4,6
2026-03-18,Rajasthan,Disease_X_NRP2026,0,0,0,194,0.0,0,0,64.72,33.3,33.5,1457,probable,2.86,4,6
2026-03-19,Rajasthan,Disease_X_NRP2026,0,0,0,234,0.0,0,0,66.11,33.4,34.1,1457,probable,2.86,4,6
2026-03-20,Rajasthan,Disease_X_NRP2026,0,0,0,206,0.0,0,0,65.37,34.5,38.7,1457,probable,2.86,4,6
2026-03-21,Rajasthan,Disease_X_NRP2026,0,0,0,207,0.0,0,0,63.3,33.6,37.0,1457,probable,2.86,4,6
2026-03-22,Rajasthan,Disease_X_NRP2026,0,0,0,174,0.0,0,0,63.29,32.9,37.3,1457,probable,2.86,4,6
2026-03-23,Rajasthan,Disease_X_NRP2026,0,0,0,223,0.0,0,0,64.28,34.9,37.4,1457,probable,2.86,4,6
2026-03-24,Rajasthan,Disease_X_NRP2026,0,0,0,218,0.0,0,0,64.71,33.5,36.2,1457,probable,2.86,4,6
2026-03-25,Rajasthan,Disease_X_NRP2026,0,0,0,187,0.0,0,0,65.74,32.2,37.0,1457,probable,2.86,4,6
2026-03-26,Rajasthan,Disease_X_NRP2026,0,0,0,198,0.0,0,0,65.01,34.3,36.4,1457,probable,2.86,4,6
2026-03-27,Rajasthan,Disease_X_NRP2026,0,0,0,225,0.0,0,0,67.11,32.3,37.9,1457,probable,2.86,4,6
2026-03-28,Rajasthan,Disease_X_NRP2026,0,0,0,187,0.0,0,0,64.09,33.7,33.3,1457,probable,2.86,4,6
2026-03-29,Rajasthan,Disease_X_NRP2026,0,0,0,216,0.0,0,0,63.54,35.6,37.3,1457,probable,2.86,4,6
2026-03-30,Rajasthan,Disease_X_NRP2026,0,0,0,193,0.0,0,0,63.26,35.1,33.8,1457,probable,2.86,4,6
2026-03-31,Rajasthan,Disease_X_NRP2026,0,0,0,186,0.0,0,0,60.66,34.6,39.3,1457,probable,2.86,4,6
2026-04-01,Rajasthan,Disease_X_NRP2026,0,0,0,200,0.0,0,0,62.93,34.4,38.8,1457,probable,2.86,4,6
2026-04-02,Rajasthan,Disease_X_NRP2026,0,0,0,210,0.0,0,0,63.7,35.9,40.8,1457,probable,2.86,4,6
2026-04-03,Rajasthan,Disease_X_NRP2026,0,0,0,174,0.0,0,0,63.97,34.4,36.6,1457,probable,2.86,4,6
2026-04-04,Rajasthan,Disease_X_NRP2026,0,0,0,178,0.0,0,0,62.49,36.6,40.0,1457,probable,2.86,4,6
2026-04-05,Rajasthan,Disease_X_NRP2026,0,0,0,232,0.0,0,0,63.24,34.8,39.1,1457,probable,2.86,4,6
2026-04-06,Rajasthan,Disease_X_NRP2026,1,0,0,215,0.0047,0,0,63.93,35.6,33.7,1457,confirmed,2.86,4,6
2026-04-07,Rajasthan,Disease_X_NRP2026,1,0,0,211,0.0047,0,0,64.16,36.8,39.5,1457,confirmed,2.86,4,6
2026-04-08,Rajasthan,Disease_X_NRP2026,0,0,0,195,0.0,0,0,66.93,35.1,41.0,1457,probable,2.86,4,6
2026-04-09,Rajasthan,Disease_X_NRP2026,0,0,0,181,0.0,0,0,63.37,36.1,38.1,1457,probable,2.86,4,6
2026-04-10,Rajasthan,Disease_X_NRP2026,0,0,0,221,0.0,0,0,64.92,35.7,39.3,1457,probable,2.86,4,6
2026-04-11,Rajasthan,Disease_X_NRP2026,0,0,0,208,0.0,0,0,61.99,35.8,37.3,1457,probable,2.86,4,6
2026-04-12,Rajasthan,Disease_X_NRP2026,1,0,0,202,0.005,0,0,65.08,34.0,39.3,1457,confirmed,2.86,4,6
2026-04-13,Rajasthan,Disease_X_NRP2026,0,0,0,210,0.0,0,0,64.7,35.5,33.2,1457,probable,2.86,4,6
2026-04-14,Rajasthan,Disease_X_NRP2026,1,0,0,178,0.0056,0,0,64.69,35.3,39.5,1457,confirmed,2.86,4,6
2026-04-15,Rajasthan,Disease_X_NRP2026,0,0,0,172,0.0,0,0,65.36,36.0,39.0,1457,probable,2.86,4,6
2026-04-16,Rajasthan,Disease_X_NRP2026,1,0,0,183,0.0055,0,0,66.49,36.7,39.0,1457,confirmed,2.86,4,6
2026-04-17,Rajasthan,Disease_X_NRP2026,4,0,0,222,0.018,0,0,65.13,34.2,34.3,1457,confirmed,2.86,4,6
2026-04-18,Rajasthan,Disease_X_NRP2026,1,0,0,219,0.0046,0,0,65.6,35.9,38.0,1457,confirmed,2.86,4,6
2026-04-19,Rajasthan,Disease_X_NRP2026,1,0,0,208,0.0048,0,0,64.02,35.4,33.5,1457,confirmed,2.86,4,6
2026-04-20,Rajasthan,Disease_X_NRP2026,1,0,0,188,0.0053,0,0,63.77,35.6,33.9,1457,confirmed,2.86,4,6
2026-04-21,Rajasthan,Disease_X_NRP2026,0,0,0,185,0.0,0,0,66.68,34.5,34.6,1457,probable,2.86,4,6
2026-04-22,Rajasthan,Disease_X_NRP2026,1,0,0,193,0.0052,0,0,61.3,37.0,36.3,1457,confirmed,2.86,4,6
2026-04-23,Rajasthan,Disease_X_NRP2026,2,0,0,212,0.0094,0,0,63.78,35.8,39.2,1457,confirmed,2.86,4,6
2026-04-24,Rajasthan,Disease_X_NRP2026,1,0,0,164,0.0061,0,0,64.8,35.0,38.3,1457,confirmed,2.86,4,6
2026-04-25,Rajasthan,Disease_X_NRP2026,3,0,0,201,0.0149,0,0,65.48,36.8,34.1,1457,confirmed,2.86,4,6
2026-04-26,Rajasthan,Disease_X_NRP2026,1,0,0,215,0.0047,0,0,65.14,34.7,39.0,1457,confirmed,2.86,4,6
2026-04-27,Rajasthan,Disease_X_NRP2026,3,0,0,223,0.0135,0,0,62.56,35.7,38.7,1457,confirmed,2.86,4,6
2026-04-28,Rajasthan,Disease_X_NRP2026,1,0,0,193,0.0052,0,0,67.41,35.9,37.1,1457,confirmed,2.86,4,6
2026-04-29,Rajasthan,Disease_X_NRP2026,1,0,0,190,0.0053,0,0,65.72,34.1,40.3,1457,confirmed,2.86,4,6
2026-04-30,Rajasthan,Disease_X_NRP2026,3,0,0,218,0.0138,0,0,63.57,36.4,40.0,1457,confirmed,2.86,4,6
2026-05-01,Rajasthan,Disease_X_NRP2026,6,0,0,183,0.0328,1,0,64.18,35.7,39.6,1457,confirmed,2.86,4,6
2026-05-02,Rajasthan,Disease_X_NRP2026,9,0,0,242,0.0372,1,0,65.87,36.4,40.2,1457,confirmed,2.86,4,6
2026-05-03,Rajasthan,Disease_X_NRP2026,1,0,0,205,0.0049,0,0,63.4,37.7,41.2,1457,confirmed,2.86,4,6
2026-05-04,Rajasthan,Disease_X_NRP2026,5,0,0,182,0.0275,0,0,64.71,35.4,40.2,1457,confirmed,2.86,4,6
2026-05-05,Rajasthan,Disease_X_NRP2026,6,0,0,190,0.0316,1,0,62.2,36.2,35.4,1457,confirmed,2.86,4,6
2026-05-06,Rajasthan,Disease_X_NRP2026,2,0,0,180,0.0111,0,0,63.85,35.7,40.9,1457,confirmed,2.86,4,6
2026-05-07,Rajasthan,Disease_X_NRP2026,5,0,0,167,0.0299,0,0,61.25,35.9,36.4,1457,confirmed,2.86,4,6
2026-05-08,Rajasthan,Disease_X_NRP2026,3,0,0,234,0.0128,0,0,63.34,36.4,39.8,1457,confirmed,2.86,4,6
2026-05-09,Rajasthan,Disease_X_NRP2026,1,0,0,205,0.0049,0,0,63.1,37.4,38.9,1457,confirmed,2.86,4,6
2026-05-10,Rajasthan,Disease_X_NRP2026,5,0,0,182,0.0275,0,0,63.1,37.1,39.7,1457,confirmed,2.86,4,6
2026-05-11,Rajasthan,Disease_X_NRP2026,5,0,0,157,0.0318,0,0,63.69,35.2,38.9,1457,confirmed,2.86,4,6
2026-05-12,Rajasthan,Disease_X_NRP2026,8,0,0,195,0.041,1,0,65.17,37.7,40.4,1457,confirmed,2.86,4,6
2026-05-13,Rajasthan,Disease_X_NRP2026,11,0,0,182,0.0604,1,0,62.46,36.9,39.0,1457,confirmed,2.86,4,6
2026-05-14,Rajasthan,Disease_X_NRP2026,8,0,0,187,0.0428,1,0,63.47,36.7,40.1,1457,confirmed,2.86,4,6
2026-05-15,Rajasthan,Disease_X_NRP2026,15,1,0,211,0.0711,2,0,64.98,35.4,37.5,1457,confirmed,2.86,4,6
2026-05-16,Rajasthan,Disease_X_NRP2026,20,1,0,271,0.0738,3,0,60.87,36.1,40.1,1457,confirmed,2.86,4,6
2026-05-17,Rajasthan,Disease_X_NRP2026,8,0,0,179,0.0447,1,0,63.97,36.7,35.7,1457,confirmed,2.86,4,6
2026-05-18,Rajasthan,Disease_X_NRP2026,17,1,0,209,0.0813,2,0,62.76,35.2,38.9,1457,confirmed,2.86,4,6
2026-05-19,Rajasthan,Disease_X_NRP2026,15,0,0,198,0.0758,2,0,67.31,33.8,41.1,1457,confirmed,2.86,4,6
2026-05-20,Rajasthan,Disease_X_NRP2026,13,3,0,189,0.0688,1,0,61.23,37.4,43.2,1457,confirmed,2.86,4,6
2026-05-21,Rajasthan,Disease_X_NRP2026,21,1,0,228,0.0921,3,0,62.95,35.7,40.5,1457,confirmed,2.86,4,6
2026-05-22,Rajasthan,Disease_X_NRP2026,18,0,0,194,0.0928,3,1,65.22,35.3,38.8,1457,confirmed,2.86,4,6
2026-05-23,Rajasthan,Disease_X_NRP2026,24,1,0,358,0.067,4,0,61.36,36.0,38.9,1457,confirmed,2.86,4,6
2026-05-24,Rajasthan,Disease_X_NRP2026,20,2,0,307,0.0651,2,0,63.17,36.7,42.5,1457,confirmed,2.86,4,6
2026-05-25,Rajasthan,Disease_X_NRP2026,24,0,0,378,0.0635,4,0,63.35,35.8,42.7,1457,confirmed,2.86,4,6
2026-05-26,Rajasthan,Disease_X_NRP2026,20,2,0,335,0.0597,3,0,63.3,36.0,42.2,1457,confirmed,2.86,4,6
2026-05-27,Rajasthan,Disease_X_NRP2026,22,3,0,338,0.0651,3,0,65.08,36.0,36.8,1457,confirmed,2.86,4,6
2026-05-28,Rajasthan,Disease_X_NRP2026,34,0,0,286,0.1189,5,1,61.84,36.2,39.7,1457,confirmed,2.86,4,6
2026-05-29,Rajasthan,Disease_X_NRP2026,30,2,0,403,0.0744,3,0,60.59,36.9,37.9,1457,confirmed,2.86,4,6
2026-05-30,Rajasthan,Disease_X_NRP2026,29,0,0,351,0.0826,4,1,64.09,36.1,41.5,1457,confirmed,2.86,4,6
2026-05-31,Rajasthan,Disease_X_NRP2026,40,3,0,362,0.1105,7,1,62.1,35.5,39.0,1457,confirmed,2.86,4,6
2026-06-01,Rajasthan,Disease_X_NRP2026,35,2,0,509,0.0688,5,1,63.52,36.8,45.2,1457,confirmed,2.86,4,6
2026-06-02,Rajasthan,Disease_X_NRP2026,43,3,0,531,0.081,7,1,63.7,35.5,41.8,1457,confirmed,2.86,4,6
2026-06-03,Rajasthan,Disease_X_NRP2026,44,3,0,583,0.0755,7,1,64.53,37.2,42.0,1457,confirmed,2.86,4,6
2026-06-04,Rajasthan,Disease_X_NRP2026,41,6,0,556,0.0737,4,1,64.52,36.0,36.4,1457,confirmed,2.86,4,6
2026-06-05,Rajasthan,Disease_X_NRP2026,56,2,0,464,0.1207,7,1,62.67,36.9,39.7,1457,confirmed,2.86,4,6
2026-06-06,Rajasthan,Disease_X_NRP2026,65,0,0,899,0.0723,11,2,62.28,37.1,41.4,1457,confirmed,2.86,4,6
2026-06-07,Rajasthan,Disease_X_NRP2026,81,1,0,649,0.1248,15,3,62.97,36.5,42.1,1457,confirmed,2.86,4,6
