date,new_cases,new_deaths,total_cases,total_deaths,continent
2020-01-01,160.0,3.0,160.0,3.0,Asia
2020-01-02,154.0,1.0,314.0,4.0,Asia
2020-01-03,176.0,1.0,490.0,5.0,Asia
2020-01-04,163.0,4.0,653.0,9.0,Asia
2020-01-05,163.0,3.0,816.0,12.0,Asia
2020-01-06,181.0,3.0,997.0,15.0,Asia
2020-01-07,179.0,5.0,1176.0,20.0,Asia
2020-01-08,181.0,3.0,1357.0,23.0,Asia
2020-01-09,171.0,3.0,1528.0,26.0,Asia
2020-01-10,161.0,3.0,1689.0,29.0,Asia
2020-01-11,164.0,2.0,1853.0,31.0,Asia
2020-01-12,179.0,5.0,2032.0,36.0,Asia
2020-01-13,198.0,1.0,2230.0,37.0,Asia
2020-01-14,201.0,5.0,2431.0,42.0,Asia
2020-01-15,183.0,1.0,2614.0,43.0,Asia
2020-01-16,184.0,5.0,2798.0,48.0,Asia
2020-01-17,165.0,4.0,2963.0,52.0,Asia
2020-01-18,168.0,5.0,3131.0,57.0,Asia
2020-01-19,191.0,3.0,3322.0,60.0,Asia
2020-01-20,200.0,5.0,3522.0,65.0,Asia
2020-01-21,217.0,4.0,3739.0,69.0,Asia
2020-01-22,198.0,1.0,3937.0,70.0,Asia
2020-01-23,198.0,1.0,4135.0,71.0,Asia
2020-01-24,210.0,5.0,4345.0,76.0,Asia
2020-01-25,201.0,5.0,4546.0,81.0,Asia
2020-01-26,202.0,6.0,4748.0,87.0,Asia
2020-01-27,225.0,6.0,4973.0,93.0,Asia
2020-01-28,229.0,4.0,5202.0,97.0,Asia
2020-01-29,235.0,5.0,5437.0,102.0,Asia
2020-01-30,256.0,3.0,5693.0,105.0,Asia
2020-01-31,263.0,7.0,5956.0,112.0,Asia
2020-02-01,258.0,7.0,6214.0,119.0,Asia
2020-02-02,252.0,3.0,6466.0,122.0,Asia
2020-02-03,275.0,7.0,6741.0,129.0,Asia
2020-02-04,257.0,5.0,6998.0,134.0,Asia
2020-02-05,273.0,6.0,7271.0,140.0,Asia
2020-02-06,259.0,3.0,7530.0,143.0,Asia
2020-02-07,259.0,6.0,7789.0,149.0,Asia
2020-02-08,247.0,6.0,8036.0,155.0,Asia
2020-02-09,265.0,7.0,8301.0,162.0,Asia
2020-02-10,262.0,3.0,8563.0,165.0,Asia
2020-02-11,245.0,4.0,8808.0,169.0,Asia
2020-02-12,249.0,3.0,9057.0,172.0,Asia
2020-02-13,242.0,2.0,9299.0,174.0,Asia
2020-02-14,230.0,3.0,9529.0,177.0,Asia
2020-02-15,235.0,3.0,9764.0,180.0,Asia
2020-02-16,216.0,4.0,9980.0,184.0,Asia
2020-02-17,215.0,3.0,10195.0,187.0,Asia
2020-02-18,222.0,3.0,10417.0,190.0,Asia
2020-02-19,208.0,4.0,10625.0,194.0,Asia
2020-02-20,231.0,3.0,10856.0,197.0,Asia
2020-02-21,218.0,3.0,11074.0,200.0,Asia
2020-02-22,232.0,3.0,11306.0,203.0,Asia
2020-02-23,225.0,2.0,11531.0,205.0,Asia
2020-02-24,221.0,2.0,11752.0,207.0,Asia
2020-02-25,236.0,2.0,11988.0,209.0,Asia
2020-02-26,255.0,5.0,12243.0,214.0,Asia
2020-02-27,238.0,6.0,12481.0,220.0,Asia
2020-02-28,219.0,3.0,12700.0,223.0,Asia
2020-02-29,204.0,3.0,12904.0,226.0,Asia
2020-03-01,225.0,4.0,13129.0,230.0,Asia
2020-03-02,208.0,3.0,13337.0,233.0,Asia
2020-03-03,216.0,2.0,13553.0,235.0,Asia
2020-03-04,213.0,6.0,13766.0,241.0,Asia
2020-03-05,218.0,5.0,13984.0,246.0,Asia
2020-03-06,241.0,3.0,14225.0,249.0,Asia
2020-03-07,254.0,3.0,14479.0,252.0,Asia
2020-03-08,243.0,5.0,14722.0,257.0,Asia
2020-03-09,258.0,7.0,14980.0,264.0,Asia
2020-03-10,251.0,6.0,15231.0,270.0,Asia
2020-03-11,261.0,3.0,15492.0,273.0,Asia
2020-03-12,255.0,6.0,15747.0,279.0,Asia
2020-03-13,242.0,4.0,15989.0,283.0,Asia
2020-03-14,235.0,5.0,16224.0,288.0,Asia
2020-03-15,237.0,3.0,16461.0,291.0,Asia
2020-03-16,256.0,4.0,16717.0,295.0,Asia
2020-03-17,256.0,5.0,16973.0,300.0,Asia
2020-03-18,251.0,3.0,17224.0,303.0,Asia
2020-03-19,275.0,4.0,17499.0,307.0,Asia
2020-03-20,272.0,7.0,17771.0,314.0,Asia
2020-03-21,275.0,4.0,18046.0,318.0,Asia
2020-03-22,280.0,4.0,18326.0,322.0,Asia
2020-03-23,284.0,3.0,18610.0,325.0,Asia
2020-03-24,308.0,7.0,18918.0,332.0,Asia
2020-03-25,328.0,5.0,19246.0,337.0,Asia
2020-03-26,336.0,6.0,19582.0,343.0,Asia
2020-03-27,330.0,7.0,19912.0,350.0,Asia
2020-03-28,354.0,9.0,20266.0,359.0,Asia
2020-03-29,334.0,4.0,20600.0,363.0,Asia
2020-03-30,338.0,8.0,20938.0,371.0,Asia
2020-03-31,324.0,7.0,21262.0,378.0,Asia
2020-04-01,312.0,7.0,21574.0,385.0,Asia
2020-04-02,315.0,7.0,21889.0,392.0,Asia
2020-04-03,295.0,7.0,22184.0,399.0,Asia
2020-04-04,318.0,7.0,22502.0,406.0,Asia
2020-04-05,305.0,8.0,22807.0,414.0,Asia
2020-04-06,308.0,7.0,23115.0,421.0,Asia
2020-04-07,298.0,5.0,23413.0,426.0,Asia
2020-04-08,294.0,6.0,23707.0,432.0,Asia
2020-04-09,281.0,7.0,23988.0,439.0,Asia
2020-04-10,295.0,4.0,24283.0,443.0,Asia
2020-04-11,309.0,7.0,24592.0,450.0,Asia
2020-04-12,321.0,5.0,24913.0,455.0,Asia
2020-04-13,305.0,6.0,25218.0,461.0,Asia
2020-04-14,326.0,4.0,25544.0,465.0,Asia
2020-04-15,344.0,6.0,25888.0,471.0,Asia
2020-04-16,364.0,8.0,26252.0,479.0,Asia
2020-04-17,371.0,6.0,26623.0,485.0,Asia
2020-04-18,357.0,6.0,26980.0,491.0,Asia
2020-04-19,345.0,8.0,27325.0,499.0,Asia
2020-04-20,332.0,5.0,27657.0,504.0,Asia
2020-04-21,323.0,8.0,27980.0,512.0,Asia
2020-04-22,336.0,4.0,28316.0,516.0,Asia
2020-04-23,348.0,7.0,28664.0,523.0,Asia
2020-04-24,350.0,9.0,29014.0,532.0,Asia
2020-04-25,353.0,5.0,29367.0,537.0,Asia
2020-04-26,369.0,6.0,29736.0,543.0,Asia
2020-04-27,383.0,6.0,30119.0,549.0,Asia
2020-04-28,406.0,6.0,30525.0,555.0,Asia
2020-04-29,425.0,7.0,30950.0,562.0,Asia
2020-04-30,426.0,6.0,31376.0,568.0,Asia
2020-05-01,432.0,10.0,31808.0,578.0,Asia
2020-05-02,446.0,10.0,32254.0,588.0,Asia
2020-05-03,426.0,6.0,32680.0,594.0,Asia
2020-05-04,440.0,10.0,33120.0,604.0,Asia
2020-05-05,456.0,11.0,33576.0,615.0,Asia
2020-05-06,449.0,10.0,34025.0,625.0,Asia
2020-05-07,431.0,8.0,34456.0,633.0,Asia
2020-05-08,411.0,9.0,34867.0,642.0,Asia
2020-05-09,395.0,6.0,35262.0,648.0,Asia
2020-05-10,400.0,8.0,35662.0,656.0,Asia
2020-05-11,393.0,9.0,36055.0,665.0,Asia
2020-05-12,411.0,6.0,36466.0,671.0,Asia
2020-05-13,417.0,10.0,36883.0,681.0,Asia
2020-05-14,405.0,9.0,37288.0,690.0,Asia
2020-05-15,399.0,9.0,37687.0,699.0,Asia
2020-05-16,393.0,5.0,38080.0,704.0,Asia
2020-05-17,398.0,8.0,38478.0,712.0,Asia
2020-05-18,419.0,10.0,38897.0,722.0,Asia
2020-05-19,411.0,9.0,39308.0,731.0,Asia
2020-05-20,422.0,7.0,39730.0,738.0,Asia
2020-05-21,440.0,7.0,40170.0,745.0,Asia
2020-05-22,451.0,11.0,40621.0,756.0,Asia
2020-05-23,434.0,9.0,41055.0,765.0,Asia
2020-05-24,443.0,6.0,41498.0,771.0,Asia
2020-05-25,459.0,11.0,41957.0,782.0,Asia
2020-05-26,461.0,8.0,42418.0,790.0,Asia
2020-05-27,479.0,8.0,42897.0,798.0,Asia
2020-05-28,503.0,12.0,43400.0,810.0,Asia
2020-05-29,497.0,10.0,43897.0,820.0,Asia
2020-05-30,519.0,9.0,44416.0,829.0,Asia
2020-05-31,527.0,11.0,44943.0,840.0,Asia
2020-06-01,542.0,9.0,45485.0,849.0,Asia
2020-06-02,534.0,9.0,46019.0,858.0,Asia
2020-06-03,545.0,10.0,46564.0,868.0,Asia
2020-06-04,531.0,9.0,47095.0,877.0,Asia
2020-06-05,532.0,8.0,47627.0,885.0,Asia
2020-06-06,539.0,12.0,48166.0,897.0,Asia
2020-06-07,520.0,12.0,48686.0,909.0,Asia
2020-06-08,541.0,11.0,49227.0,920.0,Asia
2020-06-09,565.0,10.0,49792.0,930.0,Asia
2020-06-10,550.0,9.0,50342.0,939.0,Asia
2020-06-11,557.0,12.0,50899.0,951.0,Asia
2020-06-12,564.0,11.0,51463.0,962.0,Asia
2020-06-13,587.0,12.0,52050.0,974.0,Asia
2020-06-14,610.0,13.0,52660.0,987.0,Asia
2020-06-15,609.0,11.0,53269.0,998.0,Asia
2020-06-16,618.0,12.0,53887.0,1010.0,Asia
2020-06-17,608.0,13.0,54495.0,1023.0,Asia
2020-06-18,615.0,10.0,55110.0,1033.0,Asia
2020-06-19,619.0,10.0,55729.0,1043.0,Asia
2020-06-20,637.0,14.0,56366.0,1057.0,Asia
2020-06-21,649.0,12.0,57015.0,1069.0,Asia
2020-06-22,629.0,12.0,57644.0,1081.0,Asia
2020-06-23,635.0,14.0,58279.0,1095.0,Asia
2020-06-24,627.0,13.0,58906.0,1108.0,Asia
2020-06-25,647.0,12.0,59553.0,1120.0,Asia
2020-06-26,629.0,10.0,60182.0,1130.0,Asia
2020-06-27,647.0,10.0,60829.0,1140.0,Asia
2020-06-28,632.0,11.0,61461.0,1151.0,Asia
2020-06-29,619.0,12.0,62080.0,1163.0,Asia
2020-06-30,625.0,13.0,62705.0,1176.0,Asia
2020-07-01,613.0,14.0,63318.0,1190.0,Asia
2020-07-02,629.0,14.0,63947.0,1204.0,Asia
2020-07-03,641.0,13.0,64588.0,1217.0,Asia
2020-07-04,662.0,12.0,65250.0,1229.0,Asia
2020-07-05,685.0,15.0,65935.0,1244.0,Asia
2020-07-06,688.0,13.0,66623.0,1257.0,Asia
2020-07-07,682.0,12.0,67305.0,1269.0,Asia
2020-07-08,693.0,13.0,67998.0,1282.0,Asia
2020-07-09,704.0,12.0,68702.0,1294.0,Asia
2020-07-10,707.0,13.0,69409.0,1307.0,Asia
2020-07-11,727.0,16.0,70136.0,1323.0,Asia
2020-07-12,718.0,13.0,70854.0,1336.0,Asia
2020-07-13,736.0,13.0,71590.0,1349.0,Asia
2020-07-14,717.0,13.0,72307.0,1362.0,Asia
2020-07-15,699.0,12.0,73006.0,1374.0,Asia
2020-07-16,715.0,14.0,73721.0,1388.0,Asia
2020-07-17,711.0,12.0,74432.0,1400.0,Asia
2020-07-18,692.0,14.0,75124.0,1414.0,Asia
2020-07-19,673.0,12.0,75797.0,1426.0,Asia
2020-07-20,680.0,15.0,76477.0,1441.0,Asia
2020-07-21,682.0,12.0,77159.0,1453.0,Asia
2020-07-22,698.0,15.0,77857.0,1468.0,Asia
2020-07-23,709.0,14.0,78566.0,1482.0,Asia
2020-07-24,721.0,16.0,79287.0,1498.0,Asia
2020-07-25,701.0,15.0,79988.0,1513.0,Asia
2020-07-26,699.0,11.0,80687.0,1524.0,Asia
2020-07-27,680.0,15.0,81367.0,1539.0,Asia
2020-07-28,703.0,16.0,82070.0,1555.0,Asia
2020-07-29,708.0,12.0,82778.0,1567.0,Asia
2020-07-30,719.0,15.0,83497.0,1582.0,Asia
2020-07-31,704.0,13.0,84201.0,1595.0,Asia
2020-08-01,715.0,16.0,84916.0,1611.0,Asia
2020-08-02,698.0,11.0,85614.0,1622.0,Asia
2020-08-03,688.0,13.0,86302.0,1635.0,Asia
2020-08-04,684.0,11.0,86986.0,1646.0,Asia
2020-08-05,701.0,14.0,87687.0,1660.0,Asia
2020-08-06,704.0,15.0,88391.0,1675.0,Asia
2020-08-07,688.0,12.0,89079.0,1687.0,Asia
2020-08-08,701.0,12.0,89780.0,1699.0,Asia
2020-08-09,686.0,15.0,90466.0,1714.0,Asia
2020-08-10,687.0,14.0,91153.0,1728.0,Asia
2020-08-11,677.0,11.0,91830.0,1739.0,Asia
2020-08-12,672.0,15.0,92502.0,1754.0,Asia
2020-08-13,684.0,11.0,93186.0,1765.0,Asia
2020-08-14,672.0,13.0,93858.0,1778.0,Asia
2020-08-15,657.0,11.0,94515.0,1789.0,Asia
2020-08-16,652.0,11.0,95167.0,1800.0,Asia
2020-08-17,660.0,11.0,95827.0,1811.0,Asia
2020-08-18,642.0,13.0,96469.0,1824.0,Asia
2020-08-19,641.0,10.0,97110.0,1834.0,Asia
2020-08-20,656.0,15.0,97766.0,1849.0,Asia
2020-08-21,654.0,13.0,98420.0,1862.0,Asia
2020-08-22,659.0,13.0,99079.0,1875.0,Asia
2020-08-23,641.0,10.0,99720.0,1885.0,Asia
2020-08-24,639.0,13.0,100359.0,1898.0,Asia
2020-08-25,638.0,13.0,100997.0,1911.0,Asia
2020-08-26,649.0,14.0,101646.0,1925.0,Asia
2020-08-27,635.0,10.0,102281.0,1935.0,Asia
2020-08-28,655.0,13.0,102936.0,1948.0,Asia
2020-08-29,667.0,14.0,103603.0,1962.0,Asia
2020-08-30,686.0,11.0,104289.0,1973.0,Asia
2020-08-31,704.0,15.0,104993.0,1988.0,Asia
2020-09-01,701.0,15.0,105694.0,2003.0,Asia
2020-09-02,720.0,14.0,106414.0,2017.0,Asia
2020-09-03,700.0,13.0,107114.0,2030.0,Asia
2020-09-04,690.0,15.0,107804.0,2045.0,Asia
2020-09-05,697.0,15.0,108501.0,2060.0,Asia
2020-09-06,701.0,14.0,109202.0,2074.0,Asia
2020-09-07,703.0,15.0,109905.0,2089.0,Asia
2020-09-08,713.0,12.0,110618.0,2101.0,Asia
2020-09-09,722.0,15.0,111340.0,2116.0,Asia
2020-09-10,743.0,14.0,112083.0,2130.0,Asia
2020-09-11,757.0,17.0,112840.0,2147.0,Asia
2020-09-12,743.0,15.0,113583.0,2162.0,Asia
2020-09-13,738.0,16.0,114321.0,2178.0,Asia
2020-09-14,743.0,12.0,115064.0,2190.0,Asia
2020-09-15,724.0,16.0,115788.0,2206.0,Asia
2020-09-16,704.0,16.0,116492.0,2222.0,Asia
2020-09-17,695.0,12.0,117187.0,2234.0,Asia
2020-09-18,679.0,12.0,117866.0,2246.0,Asia
2020-09-19,695.0,12.0,118561.0,2258.0,Asia
2020-09-20,706.0,16.0,119267.0,2274.0,Asia
2020-09-21,694.0,13.0,119961.0,2287.0,Asia
2020-09-22,714.0,16.0,120675.0,2303.0,Asia
2020-09-23,728.0,14.0,121403.0,2317.0,Asia
2020-09-24,726.0,14.0,122129.0,2331.0,Asia
2020-09-25,721.0,13.0,122850.0,2344.0,Asia
2020-09-26,703.0,15.0,123553.0,2359.0,Asia
2020-09-27,702.0,12.0,124255.0,2371.0,Asia
2020-09-28,705.0,13.0,124960.0,2384.0,Asia
2020-09-29,717.0,13.0,125677.0,2397.0,Asia
2020-09-30,720.0,15.0,126397.0,2412.0,Asia
2020-10-01,710.0,12.0,127107.0,2424.0,Asia
2020-10-02,697.0,15.0,127804.0,2439.0,Asia
2020-10-03,712.0,16.0,128516.0,2455.0,Asia
2020-10-04,729.0,13.0,129245.0,2468.0,Asia
2020-10-05,748.0,12.0,129993.0,2480.0,Asia
2020-10-06,747.0,13.0,130740.0,2493.0,Asia
2020-10-07,761.0,15.0,131501.0,2508.0,Asia
2020-10-08,765.0,14.0,132266.0,2522.0,Asia
2020-10-09,779.0,14.0,133045.0,2536.0,Asia
2020-10-10,783.0,17.0,133828.0,2553.0,Asia
2020-10-11,791.0,17.0,134619.0,2570.0,Asia
2020-10-12,788.0,17.0,135407.0,2587.0,Asia
2020-10-13,785.0,15.0,136192.0,2602.0,Asia
2020-10-14,766.0,17.0,136958.0,2619.0,Asia
2020-10-15,780.0,13.0,137738.0,2632.0,Asia
2020-10-16,775.0,16.0,138513.0,2648.0,Asia
2020-10-17,795.0,13.0,139308.0,2661.0,Asia
2020-10-18,810.0,14.0,140118.0,2675.0,Asia
2020-10-19,822.0,18.0,140940.0,2693.0,Asia
2020-10-20,805.0,17.0,141745.0,2710.0,Asia
2020-10-21,817.0,17.0,142562.0,2727.0,Asia
2020-10-22,810.0,17.0,143372.0,2744.0,Asia
2020-10-23,810.0,16.0,144182.0,2760.0,Asia
2020-10-24,809.0,18.0,144991.0,2778.0,Asia
2020-10-25,796.0,16.0,145787.0,2794.0,Asia
2020-10-26,782.0,15.0,146569.0,2809.0,Asia
2020-01-01,256.0,4.0,256.0,4.0,Europe
2020-01-02,254.0,6.0,510.0,10.0,Europe
2020-01-03,272.0,6.0,782.0,16.0,Europe
2020-01-04,254.0,5.0,1036.0,21.0,Europe
2020-01-05,278.0,6.0,1314.0,27.0,Europe
2020-01-06,270.0,3.0,1584.0,30.0,Europe
2020-01-07,277.0,5.0,1861.0,35.0,Europe
2020-01-08,276.0,3.0,2137.0,38.0,Europe
2020-01-09,283.0,4.0,2420.0,42.0,Europe
2020-01-10,270.0,5.0,2690.0,47.0,Europe
2020-01-11,290.0,4.0,2980.0,51.0,Europe
2020-01-12,308.0,6.0,3288.0,57.0,Europe
2020-01-13,288.0,7.0,3576.0,64.0,Europe
2020-01-14,270.0,6.0,3846.0,70.0,Europe
2020-01-15,262.0,7.0,4108.0,77.0,Europe
2020-01-16,269.0,4.0,4377.0,81.0,Europe
2020-01-17,273.0,6.0,4650.0,87.0,Europe
2020-01-18,285.0,5.0,4935.0,92.0,Europe
2020-01-19,302.0,7.0,5237.0,99.0,Europe
2020-01-20,287.0,3.0,5524.0,102.0,Europe
2020-01-21,310.0,7.0,5834.0,109.0,Europe
2020-01-22,334.0,4.0,6168.0,113.0,Europe
2020-01-23,345.0,7.0,6513.0,120.0,Europe
2020-01-24,369.0,5.0,6882.0,125.0,Europe
2020-01-25,369.0,6.0,7251.0,131.0,Europe
2020-01-26,364.0,9.0,7615.0,140.0,Europe
2020-01-27,364.0,7.0,7979.0,147.0,Europe
2020-01-28,354.0,8.0,8333.0,155.0,Europe
2020-01-29,370.0,9.0,8703.0,164.0,Europe
2020-01-30,385.0,7.0,9088.0,171.0,Europe
2020-01-31,399.0,7.0,9487.0,178.0,Europe
2020-02-01,397.0,5.0,9884.0,183.0,Europe
2020-02-02,396.0,6.0,10280.0,189.0,Europe
2020-02-03,393.0,6.0,10673.0,195.0,Europe
2020-02-04,413.0,10.0,11086.0,205.0,Europe
2020-02-05,406.0,7.0,11492.0,212.0,Europe
2020-02-06,400.0,9.0,11892.0,221.0,Europe
2020-02-07,410.0,7.0,12302.0,228.0,Europe
2020-02-08,390.0,9.0,12692.0,237.0,Europe
2020-02-09,372.0,6.0,13064.0,243.0,Europe
2020-02-10,367.0,8.0,13431.0,251.0,Europe
2020-02-11,369.0,5.0,13800.0,256.0,Europe
2020-02-12,359.0,9.0,14159.0,265.0,Europe
2020-02-13,350.0,5.0,14509.0,270.0,Europe
2020-02-14,339.0,4.0,14848.0,274.0,Europe
2020-02-15,350.0,5.0,15198.0,279.0,Europe
2020-02-16,345.0,6.0,15543.0,285.0,Europe
2020-02-17,332.0,6.0,15875.0,291.0,Europe
2020-02-18,349.0,4.0,16224.0,295.0,Europe
2020-02-19,340.0,8.0,16564.0,303.0,Europe
2020-02-20,343.0,7.0,16907.0,310.0,Europe
2020-02-21,350.0,8.0,17257.0,318.0,Europe
2020-02-22,337.0,5.0,17594.0,323.0,Europe
2020-02-23,344.0,8.0,17938.0,331.0,Europe
2020-02-24,359.0,7.0,18297.0,338.0,Europe
2020-02-25,364.0,5.0,18661.0,343.0,Europe
2020-02-26,351.0,6.0,19012.0,349.0,Europe
2020-02-27,358.0,8.0,19370.0,357.0,Europe
2020-02-28,365.0,7.0,19735.0,364.0,Europe
2020-02-29,381.0,7.0,20116.0,371.0,Europe
2020-03-01,401.0,6.0,20517.0,377.0,Europe
2020-03-02,416.0,9.0,20933.0,386.0,Europe
2020-03-03,422.0,10.0,21355.0,396.0,Europe
2020-03-04,418.0,8.0,21773.0,404.0,Europe
2020-03-05,406.0,6.0,22179.0,410.0,Europe
2020-03-06,418.0,10.0,22597.0,420.0,Europe
2020-03-07,417.0,9.0,23014.0,429.0,Europe
2020-03-08,409.0,8.0,23423.0,437.0,Europe
2020-03-09,416.0,10.0,23839.0,447.0,Europe
2020-03-10,424.0,10.0,24263.0,457.0,Europe
2020-03-11,416.0,10.0,24679.0,467.0,Europe
2020-03-12,430.0,8.0,25109.0,475.0,Europe
2020-03-13,415.0,8.0,25524.0,483.0,Europe
2020-03-14,412.0,7.0,25936.0,490.0,Europe
2020-03-15,396.0,8.0,26332.0,498.0,Europe
2020-03-16,400.0,6.0,26732.0,504.0,Europe
2020-03-17,381.0,9.0,27113.0,513.0,Europe
2020-03-18,370.0,6.0,27483.0,519.0,Europe
2020-03-19,379.0,5.0,27862.0,524.0,Europe
2020-03-20,403.0,7.0,28265.0,531.0,Europe
2020-03-21,387.0,7.0,28652.0,538.0,Europe
2020-03-22,399.0,9.0,29051.0,547.0,Europe
2020-03-23,379.0,5.0,29430.0,552.0,Europe
2020-03-24,376.0,5.0,29806.0,557.0,Europe
2020-03-25,387.0,5.0,30193.0,562.0,Europe
2020-03-26,377.0,5.0,30570.0,567.0,Europe
2020-03-27,377.0,5.0,30947.0,572.0,Europe
2020-03-28,382.0,6.0,31329.0,578.0,Europe
2020-03-29,386.0,9.0,31715.0,587.0,Europe
2020-03-30,387.0,7.0,32102.0,594.0,Europe
2020-03-31,393.0,7.0,32495.0,601.0,Europe
2020-04-01,385.0,7.0,32880.0,608.0,Europe
2020-04-02,397.0,7.0,33277.0,615.0,Europe
2020-04-03,410.0,7.0,33687.0,622.0,Europe
2020-04-04,430.0,9.0,34117.0,631.0,Europe
2020-04-05,444.0,10.0,34561.0,641.0,Europe
2020-04-06,424.0,6.0,34985.0,647.0,Europe
2020-04-07,424.0,9.0,35409.0,656.0,Europe
2020-04-08,409.0,8.0,35818.0,664.0,Europe
2020-04-09,416.0,9.0,36234.0,673.0,Europe
2020-04-10,412.0,10.0,36646.0,683.0,Europe
2020-04-11,396.0,5.0,37042.0,688.0,Europe
2020-04-12,406.0,6.0,37448.0,694.0,Europe
2020-04-13,390.0,9.0,37838.0,703.0,Europe
2020-04-14,407.0,10.0,38245.0,713.0,Europe
2020-04-15,389.0,7.0,38634.0,720.0,Europe
2020-04-16,391.0,5.0,39025.0,725.0,Europe
2020-04-17,407.0,9.0,39432.0,734.0,Europe
2020-04-18,423.0,7.0,39855.0,741.0,Europe
2020-04-19,412.0,7.0,40267.0,748.0,Europe
2020-04-20,401.0,10.0,40668.0,758.0,Europe
2020-04-21,399.0,7.0,41067.0,765.0,Europe
2020-04-22,395.0,6.0,41462.0,771.0,Europe
2020-04-23,395.0,5.0,41857.0,776.0,Europe
2020-04-24,388.0,9.0,42245.0,785.0,Europe
2020-04-25,376.0,8.0,42621.0,793.0,Europe
2020-04-26,356.0,9.0,42977.0,802.0,Europe
2020-04-27,380.0,8.0,43357.0,810.0,Europe
2020-04-28,372.0,9.0,43729.0,819.0,Europe
2020-04-29,355.0,9.0,44084.0,828.0,Europe
2020-04-30,335.0,8.0,44419.0,836.0,Europe
2020-05-01,354.0,8.0,44773.0,844.0,Europe
2020-05-02,365.0,8.0,45138.0,852.0,Europe
2020-05-03,378.0,9.0,45516.0,861.0,Europe
2020-05-04,385.0,6.0,45901.0,867.0,Europe
2020-05-05,395.0,7.0,46296.0,874.0,Europe
2020-05-06,382.0,7.0,46678.0,881.0,Europe
2020-05-07,400.0,8.0,47078.0,889.0,Europe
2020-05-08,405.0,9.0,47483.0,898.0,Europe
2020-05-09,418.0,9.0,47901.0,907.0,Europe
2020-05-10,400.0,7.0,48301.0,914.0,Europe
2020-05-11,391.0,7.0,48692.0,921.0,Europe
2020-05-12,371.0,7.0,49063.0,928.0,Europe
2020-05-13,394.0,9.0,49457.0,937.0,Europe
2020-05-14,378.0,8.0,49835.0,945.0,Europe
2020-05-15,387.0,7.0,50222.0,952.0,Europe
2020-05-16,396.0,6.0,50618.0,958.0,Europe
2020-05-17,392.0,6.0,51010.0,964.0,Europe
2020-05-18,394.0,7.0,51404.0,971.0,Europe
2020-05-19,388.0,8.0,51792.0,979.0,Europe
2020-05-20,404.0,7.0,52196.0,986.0,Europe
2020-05-21,404.0,10.0,52600.0,996.0,Europe
2020-05-22,397.0,6.0,52997.0,1002.0,Europe
2020-05-23,378.0,5.0,53375.0,1007.0,Europe
2020-05-24,368.0,5.0,53743.0,1012.0,Europe
2020-05-25,386.0,8.0,54129.0,1020.0,Europe
2020-05-26,403.0,8.0,54532.0,1028.0,Europe
2020-05-27,416.0,9.0,54948.0,1037.0,Europe
2020-05-28,433.0,9.0,55381.0,1046.0,Europe
2020-05-29,446.0,9.0,55827.0,1055.0,Europe
2020-05-30,443.0,9.0,56270.0,1064.0,Europe
2020-05-31,452.0,11.0,56722.0,1075.0,Europe
2020-06-01,446.0,10.0,57168.0,1085.0,Europe
2020-06-02,452.0,8.0,57620.0,1093.0,Europe
2020-06-03,465.0,7.0,58085.0,1100.0,Europe
2020-06-04,482.0,10.0,58567.0,1110.0,Europe
2020-06-05,494.0,8.0,59061.0,1118.0,Europe
2020-06-06,497.0,7.0,59558.0,1125.0,Europe
2020-06-07,491.0,9.0,60049.0,1134.0,Europe
2020-06-08,500.0,12.0,60549.0,1146.0,Europe
2020-06-09,521.0,8.0,61070.0,1154.0,Europe
2020-06-10,517.0,10.0,61587.0,1164.0,Europe
2020-06-11,501.0,8.0,62088.0,1172.0,Europe
2020-06-12,509.0,12.0,62597.0,1184.0,Europe
2020-06-13,492.0,11.0,63089.0,1195.0,Europe
2020-06-14,481.0,8.0,63570.0,1203.0,Europe
2020-06-15,477.0,10.0,64047.0,1213.0,Europe
2020-06-16,466.0,7.0,64513.0,1220.0,Europe
2020-06-17,462.0,7.0,64975.0,1227.0,Europe
2020-06-18,461.0,9.0,65436.0,1236.0,Europe
2020-06-19,464.0,11.0,65900.0,1247.0,Europe
2020-06-20,448.0,6.0,66348.0,1253.0,Europe
2020-06-21,461.0,11.0,66809.0,1264.0,Europe
2020-06-22,446.0,6.0,67255.0,1270.0,Europe
2020-06-23,427.0,7.0,67682.0,1277.0,Europe
2020-06-24,419.0,9.0,68101.0,1286.0,Europe
2020-06-25,441.0,6.0,68542.0,1292.0,Europe
2020-06-26,463.0,11.0,69005.0,1303.0,Europe
2020-06-27,453.0,8.0,69458.0,1311.0,Europe
2020-06-28,455.0,7.0,69913.0,1318.0,Europe
2020-06-29,450.0,9.0,70363.0,1327.0,Europe
2020-06-30,460.0,10.0,70823.0,1337.0,Europe
2020-07-01,450.0,7.0,71273.0,1344.0,Europe
2020-07-02,445.0,7.0,71718.0,1351.0,Europe
2020-07-03,432.0,8.0,72150.0,1359.0,Europe
2020-07-04,415.0,7.0,72565.0,1366.0,Europe
2020-07-05,434.0,7.0,72999.0,1373.0,Europe
2020-07-06,417.0,8.0,73416.0,1381.0,Europe
2020-07-07,421.0,7.0,73837.0,1388.0,Europe
2020-07-08,403.0,8.0,74240.0,1396.0,Europe
2020-07-09,414.0,6.0,74654.0,1402.0,Europe
2020-07-10,396.0,7.0,75050.0,1409.0,Europe
2020-07-11,402.0,8.0,75452.0,1417.0,Europe
2020-07-12,410.0,9.0,75862.0,1426.0,Europe
2020-07-13,421.0,8.0,76283.0,1434.0,Europe
2020-07-14,419.0,8.0,76702.0,1442.0,Europe
2020-07-15,419.0,6.0,77121.0,1448.0,Europe
2020-07-16,403.0,9.0,77524.0,1457.0,Europe
2020-07-17,400.0,10.0,77924.0,1467.0,Europe
2020-07-18,407.0,6.0,78331.0,1473.0,Europe
2020-07-19,428.0,6.0,78759.0,1479.0,Europe
2020-07-20,429.0,10.0,79188.0,1489.0,Europe
2020-07-21,429.0,8.0,79617.0,1497.0,Europe
2020-07-22,414.0,7.0,80031.0,1504.0,Europe
2020-07-23,394.0,8.0,80425.0,1512.0,Europe
2020-07-24,378.0,6.0,80803.0,1518.0,Europe
2020-07-25,398.0,9.0,81201.0,1527.0,Europe
2020-07-26,389.0,5.0,81590.0,1532.0,Europe
2020-07-27,394.0,5.0,81984.0,1537.0,Europe
2020-07-28,407.0,9.0,82391.0,1546.0,Europe
2020-07-29,400.0,6.0,82791.0,1552.0,Europe
2020-07-30,405.0,6.0,83196.0,1558.0,Europe
2020-07-31,429.0,9.0,83625.0,1567.0,Europe
2020-08-01,435.0,9.0,84060.0,1576.0,Europe
2020-08-02,423.0,10.0,84483.0,1586.0,Europe
2020-08-03,428.0,6.0,84911.0,1592.0,Europe
2020-08-04,429.0,6.0,85340.0,1598.0,Europe
2020-08-05,438.0,10.0,85778.0,1608.0,Europe
2020-08-06,460.0,9.0,86238.0,1617.0,Europe
2020-08-07,456.0,9.0,86694.0,1626.0,Europe
2020-08-08,461.0,9.0,87155.0,1635.0,Europe
2020-08-09,476.0,11.0,87631.0,1646.0,Europe
2020-08-10,456.0,7.0,88087.0,1653.0,Europe
2020-08-11,443.0,10.0,88530.0,1663.0,Europe
2020-08-12,457.0,11.0,88987.0,1674.0,Europe
2020-08-13,451.0,9.0,89438.0,1683.0,Europe
2020-08-14,452.0,8.0,89890.0,1691.0,Europe
2020-08-15,445.0,6.0,90335.0,1697.0,Europe
2020-08-16,450.0,9.0,90785.0,1706.0,Europe
2020-08-17,457.0,8.0,91242.0,1714.0,Europe
2020-08-18,459.0,8.0,91701.0,1722.0,Europe
2020-08-19,452.0,10.0,92153.0,1732.0,Europe
2020-08-20,455.0,7.0,92608.0,1739.0,Europe
2020-08-21,436.0,7.0,93044.0,1746.0,Europe
2020-08-22,460.0,9.0,93504.0,1755.0,Europe
2020-08-23,465.0,10.0,93969.0,1765.0,Europe
2020-08-24,458.0,7.0,94427.0,1772.0,Europe
2020-08-25,444.0,10.0,94871.0,1782.0,Europe
2020-08-26,426.0,8.0,95297.0,1790.0,Europe
2020-08-27,428.0,7.0,95725.0,1797.0,Europe
2020-08-28,450.0,8.0,96175.0,1805.0,Europe
2020-08-29,474.0,9.0,96649.0,1814.0,Europe
2020-08-30,471.0,8.0,97120.0,1822.0,Europe
2020-08-31,488.0,10.0,97608.0,1832.0,Europe
2020-09-01,502.0,8.0,98110.0,1840.0,Europe
2020-09-02,496.0,10.0,98606.0,1850.0,Europe
2020-09-03,500.0,9.0,99106.0,1859.0,Europe
2020-09-04,516.0,12.0,99622.0,1871.0,Europe
2020-09-05,523.0,8.0,100145.0,1879.0,Europe
2020-09-06,512.0,8.0,100657.0,1887.0,Europe
2020-09-07,530.0,10.0,101187.0,1897.0,Europe
2020-09-08,526.0,10.0,101713.0,1907.0,Europe
2020-09-09,544.0,12.0,102257.0,1919.0,Europe
2020-09-10,545.0,8.0,102802.0,1927.0,Europe
2020-09-11,550.0,13.0,103352.0,1940.0,Europe
2020-09-12,573.0,11.0,103925.0,1951.0,Europe
2020-09-13,577.0,11.0,104502.0,1962.0,Europe
2020-09-14,573.0,9.0,105075.0,1971.0,Europe
2020-09-15,565.0,12.0,105640.0,1983.0,Europe
2020-09-16,564.0,10.0,106204.0,1993.0,Europe
2020-09-17,568.0,11.0,106772.0,2004.0,Europe
2020-09-18,551.0,11.0,107323.0,2015.0,Europe
2020-09-19,540.0,11.0,107863.0,2026.0,Europe
2020-09-20,522.0,11.0,108385.0,2037.0,Europe
2020-09-21,542.0,12.0,108927.0,2049.0,Europe
2020-09-22,566.0,13.0,109493.0,2062.0,Europe
2020-09-23,563.0,10.0,110056.0,2072.0,Europe
2020-09-24,578.0,10.0,110634.0,2082.0,Europe
2020-09-25,579.0,9.0,111213.0,2091.0,Europe
2020-09-26,592.0,13.0,111805.0,2104.0,Europe
2020-09-27,579.0,11.0,112384.0,2115.0,Europe
2020-09-28,598.0,13.0,112982.0,2128.0,Europe
2020-09-29,621.0,12.0,113603.0,2140.0,Europe
2020-09-30,619.0,13.0,114222.0,2153.0,Europe
2020-10-01,640.0,14.0,114862.0,2167.0,Europe
2020-10-02,660.0,14.0,115522.0,2181.0,Europe
2020-10-03,676.0,12.0,116198.0,2193.0,Europe
2020-10-04,661.0,12.0,116859.0,2205.0,Europe
2020-10-05,666.0,11.0,117525.0,2216.0,Europe
2020-10-06,679.0,15.0,118204.0,2231.0,Europe
2020-10-07,703.0,15.0,118907.0,2246.0,Europe
2020-10-08,688.0,13.0,119595.0,2259.0,Europe
2020-10-09,704.0,13.0,120299.0,2272.0,Europe
2020-10-10,716.0,13.0,121015.0,2285.0,Europe
2020-10-11,717.0,14.0,121732.0,2299.0,Europe
2020-10-12,717.0,15.0,122449.0,2314.0,Europe
2020-10-13,702.0,15.0,123151.0,2329.0,Europe
2020-10-14,687.0,15.0,123838.0,2344.0,Europe
2020-10-15,670.0,15.0,124508.0,2359.0,Europe
2020-10-16,679.0,11.0,125187.0,2370.0,Europe
2020-10-17,669.0,12.0,125856.0,2382.0,Europe
2020-10-18,678.0,15.0,126534.0,2397.0,Europe
2020-10-19,688.0,14.0,127222.0,2411.0,Europe
2020-10-20,691.0,13.0,127913.0,2424.0,Europe
2020-10-21,679.0,14.0,128592.0,2438.0,Europe
2020-10-22,661.0,12.0,129253.0,2450.0,Europe
2020-10-23,671.0,14.0,129924.0,2464.0,Europe
2020-10-24,690.0,11.0,130614.0,2475.0,Europe
2020-10-25,706.0,13.0,131320.0,2488.0,Europe
2020-10-26,721.0,14.0,132041.0,2502.0,Europe
2020-01-01,275.0,3.0,275.0,3.0,North America
2020-01-02,271.0,4.0,546.0,7.0,North America
2020-01-03,267.0,7.0,813.0,14.0,North America
2020-01-04,260.0,7.0,1073.0,21.0,North America
2020-01-05,248.0,4.0,1321.0,25.0,North America
2020-01-06,267.0,4.0,1588.0,29.0,North America
2020-01-07,248.0,4.0,1836.0,33.0,North America
2020-01-08,272.0,4.0,2108.0,37.0,North America
2020-01-09,276.0,5.0,2384.0,42.0,North America
2020-01-10,294.0,7.0,2678.0,49.0,North America
2020-01-11,282.0,7.0,2960.0,56.0,North America
2020-01-12,283.0,3.0,3243.0,59.0,North America
2020-01-13,305.0,6.0,3548.0,65.0,North America
2020-01-14,288.0,6.0,3836.0,71.0,North America
2020-01-15,293.0,3.0,4129.0,74.0,North America
2020-01-16,301.0,6.0,4430.0,80.0,North America
2020-01-17,325.0,6.0,4755.0,86.0,North America
2020-01-18,338.0,4.0,5093.0,90.0,North America
2020-01-19,340.0,8.0,5433.0,98.0,North America
2020-01-20,356.0,7.0,5789.0,105.0,North America
2020-01-21,346.0,8.0,6135.0,113.0,North America
2020-01-22,331.0,4.0,6466.0,117.0,North America
2020-01-23,328.0,8.0,6794.0,125.0,North America
2020-01-24,328.0,5.0,7122.0,130.0,North America
2020-01-25,349.0,7.0,7471.0,137.0,North America
2020-01-26,364.0,7.0,7835.0,144.0,North America
2020-01-27,384.0,8.0,8219.0,152.0,North America
2020-01-28,401.0,10.0,8620.0,162.0,North America
2020-01-29,414.0,8.0,9034.0,170.0,North America
2020-01-30,410.0,10.0,9444.0,180.0,North America
2020-01-31,426.0,7.0,9870.0,187.0,North America
2020-02-01,430.0,6.0,10300.0,193.0,North America
2020-02-02,447.0,8.0,10747.0,201.0,North America
2020-02-03,438.0,7.0,11185.0,208.0,North America
2020-02-04,440.0,7.0,11625.0,215.0,North America
2020-02-05,461.0,9.0,12086.0,224.0,North America
2020-02-06,462.0,11.0,12548.0,235.0,North America
2020-02-07,462.0,8.0,13010.0,243.0,North America
2020-02-08,468.0,10.0,13478.0,253.0,North America
2020-02-09,478.0,8.0,13956.0,261.0,North America
2020-02-10,463.0,11.0,14419.0,272.0,North America
2020-02-11,469.0,11.0,14888.0,283.0,North America
2020-02-12,488.0,10.0,15376.0,293.0,North America
2020-02-13,501.0,9.0,15877.0,302.0,North America
2020-02-14,492.0,11.0,16369.0,313.0,North America
2020-02-15,516.0,10.0,16885.0,323.0,North America
2020-02-16,502.0,8.0,17387.0,331.0,North America
2020-02-17,491.0,7.0,17878.0,338.0,North America
2020-02-18,515.0,8.0,18393.0,346.0,North America
2020-02-19,511.0,9.0,18904.0,355.0,North America
2020-02-20,516.0,11.0,19420.0,366.0,North America
2020-02-21,516.0,12.0,19936.0,378.0,North America
2020-02-22,523.0,10.0,20459.0,388.0,North America
2020-02-23,504.0,10.0,20963.0,398.0,North America
2020-02-24,526.0,9.0,21489.0,407.0,North America
2020-02-25,506.0,8.0,21995.0,415.0,North America
2020-02-26,521.0,9.0,22516.0,424.0,North America
2020-02-27,526.0,11.0,23042.0,435.0,North America
2020-02-28,534.0,11.0,23576.0,446.0,North America
2020-02-29,534.0,12.0,24110.0,458.0,North America
2020-03-01,524.0,12.0,24634.0,470.0,North America
2020-03-02,543.0,11.0,25177.0,481.0,North America
2020-03-03,533.0,11.0,25710.0,492.0,North America
2020-03-04,548.0,11.0,26258.0,503.0,North America
2020-03-05,566.0,10.0,26824.0,513.0,North America
2020-03-06,585.0,12.0,27409.0,525.0,North America
2020-03-07,599.0,11.0,28008.0,536.0,North America
2020-03-08,612.0,10.0,28620.0,546.0,North America
2020-03-09,615.0,13.0,29235.0,559.0,North America
2020-03-10,616.0,10.0,29851.0,569.0,North America
2020-03-11,600.0,11.0,30451.0,580.0,North America
2020-03-12,612.0,10.0,31063.0,590.0,North America
2020-03-13,627.0,11.0,31690.0,601.0,North America
2020-03-14,626.0,12.0,32316.0,613.0,North America
2020-03-15,624.0,11.0,32940.0,624.0,North America
2020-03-16,638.0,11.0,33578.0,635.0,North America
2020-03-17,660.0,15.0,34238.0,650.0,North America
2020-03-18,656.0,14.0,34894.0,664.0,North America
2020-03-19,680.0,14.0,35574.0,678.0,North America
2020-03-20,702.0,14.0,36276.0,692.0,North America
2020-03-21,715.0,14.0,36991.0,706.0,North America
2020-03-22,703.0,15.0,37694.0,721.0,North America
2020-03-23,708.0,16.0,38402.0,737.0,North America
2020-03-24,689.0,14.0,39091.0,751.0,North America
2020-03-25,677.0,15.0,39768.0,766.0,North America
2020-03-26,665.0,13.0,40433.0,779.0,North America
2020-03-27,684.0,11.0,41117.0,790.0,North America
2020-03-28,680.0,13.0,41797.0,803.0,North America
2020-03-29,660.0,13.0,42457.0,816.0,North America
2020-03-30,664.0,12.0,43121.0,828.0,North America
2020-03-31,686.0,12.0,43807.0,840.0,North America
2020-04-01,705.0,13.0,44512.0,853.0,North America
2020-04-02,726.0,13.0,45238.0,866.0,North America
2020-04-03,730.0,16.0,45968.0,882.0,North America
2020-04-04,748.0,15.0,46716.0,897.0,North America
2020-04-05,762.0,13.0,47478.0,910.0,North America
2020-04-06,744.0,14.0,48222.0,924.0,North America
2020-04-07,760.0,17.0,48982.0,941.0,North America
2020-04-08,783.0,13.0,49765.0,954.0,North America
2020-04-09,806.0,18.0,50571.0,972.0,North America
2020-04-10,815.0,18.0,51386.0,990.0,North America
2020-04-11,832.0,16.0,52218.0,1006.0,North America
2020-04-12,845.0,17.0,53063.0,1023.0,North America
2020-04-13,836.0,15.0,53899.0,1038.0,North America
2020-04-14,834.0,17.0,54733.0,1055.0,North America
2020-04-15,850.0,17.0,55583.0,1072.0,North America
2020-04-16,873.0,17.0,56456.0,1089.0,North America
2020-04-17,869.0,17.0,57325.0,1106.0,North America
2020-04-18,858.0,15.0,58183.0,1121.0,North America
2020-04-19,849.0,17.0,59032.0,1138.0,North America
2020-04-20,844.0,17.0,59876.0,1155.0,North America
2020-04-21,847.0,18.0,60723.0,1173.0,North America
2020-04-22,845.0,18.0,61568.0,1191.0,North America
2020-04-23,832.0,18.0,62400.0,1209.0,North America
2020-04-24,842.0,16.0,63242.0,1225.0,North America
2020-04-25,842.0,17.0,64084.0,1242.0,North America
2020-04-26,838.0,16.0,64922.0,1258.0,North America
2020-04-27,840.0,14.0,65762.0,1272.0,North America
2020-04-28,856.0,19.0,66618.0,1291.0,North America
2020-04-29,851.0,17.0,67469.0,1308.0,North America
2020-04-30,836.0,16.0,68305.0,1324.0,North America
2020-05-01,823.0,14.0,69128.0,1338.0,North America
2020-05-02,827.0,15.0,69955.0,1353.0,North America
2020-05-03,824.0,17.0,70779.0,1370.0,North America
2020-05-04,828.0,15.0,71607.0,1385.0,North America
2020-05-05,819.0,18.0,72426.0,1403.0,North America
2020-05-06,813.0,16.0,73239.0,1419.0,North America
2020-05-07,818.0,14.0,74057.0,1433.0,North America
2020-05-08,838.0,14.0,74895.0,1447.0,North America
2020-05-09,862.0,18.0,75757.0,1465.0,North America
2020-05-10,867.0,16.0,76624.0,1481.0,North America
2020-05-11,878.0,18.0,77502.0,1499.0,North America
2020-05-12,867.0,17.0,78369.0,1516.0,North America
2020-05-13,862.0,18.0,79231.0,1534.0,North America
2020-05-14,848.0,14.0,80079.0,1548.0,North America
2020-05-15,844.0,14.0,80923.0,1562.0,North America
2020-05-16,846.0,18.0,81769.0,1580.0,North America
2020-05-17,851.0,19.0,82620.0,1599.0,North America
2020-05-18,851.0,17.0,83471.0,1616.0,North America
2020-05-19,852.0,16.0,84323.0,1632.0,North America
2020-05-20,838.0,17.0,85161.0,1649.0,North America
2020-05-21,831.0,16.0,85992.0,1665.0,North America
2020-05-22,825.0,18.0,86817.0,1683.0,North America
2020-05-23,811.0,17.0,87628.0,1700.0,North America
2020-05-24,799.0,17.0,88427.0,1717.0,North America
2020-05-25,786.0,16.0,89213.0,1733.0,North America
2020-05-26,788.0,14.0,90001.0,1747.0,North America
2020-05-27,796.0,15.0,90797.0,1762.0,North America
2020-05-28,793.0,16.0,91590.0,1778.0,North America
2020-05-29,803.0,14.0,92393.0,1792.0,North America
2020-05-30,812.0,14.0,93205.0,1806.0,North America
2020-05-31,830.0,17.0,94035.0,1823.0,North America
2020-06-01,844.0,17.0,94879.0,1840.0,North America
2020-06-02,841.0,17.0,95720.0,1857.0,North America
2020-06-03,862.0,15.0,96582.0,1872.0,North America
2020-06-04,880.0,15.0,97462.0,1887.0,North America
2020-06-05,876.0,18.0,98338.0,1905.0,North America
2020-06-06,869.0,19.0,99207.0,1924.0,North America
2020-06-07,879.0,19.0,100086.0,1943.0,North America
2020-06-08,882.0,16.0,100968.0,1959.0,North America
2020-06-09,896.0,17.0,101864.0,1976.0,North America
2020-06-10,919.0,20.0,102783.0,1996.0,North America
2020-06-11,943.0,16.0,103726.0,2012.0,North America
2020-06-12,956.0,21.0,104682.0,2033.0,North America
2020-06-13,938.0,17.0,105620.0,2050.0,North America
2020-06-14,954.0,18.0,106574.0,2068.0,North America
2020-06-15,976.0,19.0,107550.0,2087.0,North America
2020-06-16,995.0,21.0,108545.0,2108.0,North America
2020-06-17,1000.0,18.0,109545.0,2126.0,North America
2020-06-18,1002.0,18.0,110547.0,2144.0,North America
2020-06-19,1025.0,21.0,111572.0,2165.0,North America
2020-06-20,1043.0,18.0,112615.0,2183.0,North America
2020-06-21,1037.0,20.0,113652.0,2203.0,North America
2020-06-22,1020.0,20.0,114672.0,2223.0,North America
2020-06-23,1028.0,18.0,115700.0,2241.0,North America
2020-06-24,1029.0,18.0,116729.0,2259.0,North America
2020-06-25,1033.0,21.0,117762.0,2280.0,North America
2020-06-26,1025.0,18.0,118787.0,2298.0,North America
2020-06-27,1022.0,21.0,119809.0,2319.0,North America
2020-06-28,1034.0,21.0,120843.0,2340.0,North America
2020-06-29,1029.0,18.0,121872.0,2358.0,North America
2020-06-30,1053.0,20.0,122925.0,2378.0,North America
2020-07-01,1074.0,20.0,123999.0,2398.0,North America
2020-07-02,1097.0,22.0,125096.0,2420.0,North America
2020-07-03,1078.0,19.0,126174.0,2439.0,North America
2020-07-04,1092.0,20.0,127266.0,2459.0,North America
2020-07-05,1113.0,20.0,128379.0,2479.0,North America
2020-07-06,1126.0,20.0,129505.0,2499.0,North America
2020-07-07,1135.0,20.0,130640.0,2519.0,North America
2020-07-08,1127.0,24.0,131767.0,2543.0,North America
2020-07-09,1119.0,20.0,132886.0,2563.0,North America
2020-07-10,1116.0,24.0,134002.0,2587.0,North America
2020-07-11,1127.0,23.0,135129.0,2610.0,North America
2020-07-12,1138.0,21.0,136267.0,2631.0,North America
2020-07-13,1152.0,22.0,137419.0,2653.0,North America
2020-07-14,1170.0,22.0,138589.0,2675.0,North America
2020-07-15,1178.0,22.0,139767.0,2697.0,North America
2020-07-16,1186.0,22.0,140953.0,2719.0,North America
2020-07-17,1209.0,23.0,142162.0,2742.0,North America
2020-07-18,1204.0,23.0,143366.0,2765.0,North America
2020-07-19,1227.0,25.0,144593.0,2790.0,North America
2020-07-20,1216.0,22.0,145809.0,2812.0,North America
2020-07-21,1225.0,24.0,147034.0,2836.0,North America
2020-07-22,1229.0,26.0,148263.0,2862.0,North America
2020-07-23,1247.0,24.0,149510.0,2886.0,North America
2020-07-24,1246.0,24.0,150756.0,2910.0,North America
2020-07-25,1230.0,22.0,151986.0,2932.0,North America
2020-07-26,1210.0,22.0,153196.0,2954.0,North America
2020-07-27,1219.0,22.0,154415.0,2976.0,North America
2020-07-28,1201.0,23.0,155616.0,2999.0,North America
2020-07-29,1225.0,25.0,156841.0,3024.0,North America
2020-07-30,1218.0,23.0,158059.0,3047.0,North America
2020-07-31,1227.0,25.0,159286.0,3072.0,North America
2020-08-01,1210.0,25.0,160496.0,3097.0,North America
2020-08-02,1207.0,24.0,161703.0,3121.0,North America
2020-08-03,1223.0,24.0,162926.0,3145.0,North America
2020-08-04,1227.0,25.0,164153.0,3170.0,North America
2020-08-05,1207.0,25.0,165360.0,3195.0,North America
2020-08-06,1201.0,23.0,166561.0,3218.0,North America
2020-08-07,1189.0,22.0,167750.0,3240.0,North America
2020-08-08,1183.0,23.0,168933.0,3263.0,North America
2020-08-09,1186.0,21.0,170119.0,3284.0,North America
2020-08-10,1169.0,24.0,171288.0,3308.0,North America
2020-08-11,1160.0,22.0,172448.0,3330.0,North America
2020-08-12,1176.0,23.0,173624.0,3353.0,North America
2020-08-13,1192.0,22.0,174816.0,3375.0,North America
2020-08-14,1214.0,25.0,176030.0,3400.0,North America
2020-08-15,1199.0,24.0,177229.0,3424.0,North America
2020-08-16,1217.0,26.0,178446.0,3450.0,North America
2020-08-17,1220.0,22.0,179666.0,3472.0,North America
2020-08-18,1210.0,26.0,180876.0,3498.0,North America
2020-08-19,1202.0,24.0,182078.0,3522.0,North America
2020-08-20,1215.0,23.0,183293.0,3545.0,North America
2020-08-21,1219.0,24.0,184512.0,3569.0,North America
2020-08-22,1205.0,25.0,185717.0,3594.0,North America
2020-08-23,1188.0,25.0,186905.0,3619.0,North America
2020-08-24,1175.0,25.0,188080.0,3644.0,North America
2020-08-25,1174.0,25.0,189254.0,3669.0,North America
2020-08-26,1182.0,23.0,190436.0,3692.0,North America
2020-08-27,1206.0,25.0,191642.0,3717.0,North America
2020-08-28,1195.0,22.0,192837.0,3739.0,North America
2020-08-29,1217.0,23.0,194054.0,3762.0,North America
2020-08-30,1230.0,24.0,195284.0,3786.0,North America
2020-08-31,1235.0,26.0,196519.0,3812.0,North America
2020-09-01,1255.0,23.0,197774.0,3835.0,North America
2020-09-02,1237.0,24.0,199011.0,3859.0,North America
2020-09-03,1222.0,24.0,200233.0,3883.0,North America
2020-09-04,1206.0,25.0,201439.0,3908.0,North America
2020-09-05,1190.0,22.0,202629.0,3930.0,North America
2020-09-06,1192.0,23.0,203821.0,3953.0,North America
2020-09-07,1180.0,23.0,205001.0,3976.0,North America
2020-09-08,1194.0,25.0,206195.0,4001.0,North America
2020-09-09,1193.0,25.0,207388.0,4026.0,North America
2020-09-10,1214.0,22.0,208602.0,4048.0,North America
2020-09-11,1228.0,25.0,209830.0,4073.0,North America
2020-09-12,1225.0,22.0,211055.0,4095.0,North America
2020-09-13,1221.0,26.0,212276.0,4121.0,North America
2020-09-14,1224.0,23.0,213500.0,4144.0,North America
2020-09-15,1206.0,26.0,214706.0,4170.0,North America
2020-09-16,1217.0,25.0,215923.0,4195.0,North America
2020-09-17,1231.0,26.0,217154.0,4221.0,North America
2020-09-18,1248.0,25.0,218402.0,4246.0,North America
2020-09-19,1240.0,25.0,219642.0,4271.0,North America
2020-09-20,1244.0,25.0,220886.0,4296.0,North America
2020-09-21,1232.0,25.0,222118.0,4321.0,North America
2020-09-22,1215.0,25.0,223333.0,4346.0,North America
2020-09-23,1208.0,23.0,224541.0,4369.0,North America
2020-09-24,1224.0,22.0,225765.0,4391.0,North America
2020-09-25,1237.0,24.0,227002.0,4415.0,North America
2020-09-26,1227.0,22.0,228229.0,4437.0,North America
2020-09-27,1247.0,25.0,229476.0,4462.0,North America
2020-09-28,1229.0,23.0,230705.0,4485.0,North America
2020-09-29,1236.0,26.0,231941.0,4511.0,North America
2020-09-30,1244.0,23.0,233185.0,4534.0,North America
2020-10-01,1232.0,25.0,234417.0,4559.0,North America
2020-10-02,1214.0,23.0,235631.0,4582.0,North America
2020-10-03,1218.0,23.0,236849.0,4605.0,North America
2020-10-04,1231.0,25.0,238080.0,4630.0,North America
2020-10-05,1222.0,23.0,239302.0,4653.0,North America
2020-10-06,1243.0,24.0,240545.0,4677.0,North America
2020-10-07,1231.0,24.0,241776.0,4701.0,North America
2020-10-08,1225.0,23.0,243001.0,4724.0,North America
2020-10-09,1244.0,26.0,244245.0,4750.0,North America
2020-10-10,1248.0,25.0,245493.0,4775.0,North America
2020-10-11,1232.0,24.0,246725.0,4799.0,North America
2020-10-12,1222.0,26.0,247947.0,4825.0,North America
2020-10-13,1235.0,23.0,249182.0,4848.0,North America
2020-10-14,1238.0,26.0,250420.0,4874.0,North America
2020-10-15,1232.0,22.0,251652.0,4896.0,North America
2020-10-16,1249.0,24.0,252901.0,4920.0,North America
2020-10-17,1236.0,23.0,254137.0,4943.0,North America
2020-10-18,1220.0,25.0,255357.0,4968.0,North America
2020-10-19,1225.0,23.0,256582.0,4991.0,North America
2020-10-20,1222.0,25.0,257804.0,5016.0,North America
2020-10-21,1207.0,23.0,259011.0,5039.0,North America
2020-10-22,1223.0,26.0,260234.0,5065.0,North America
2020-10-23,1215.0,26.0,261449.0,5091.0,North America
2020-10-24,1222.0,26.0,262671.0,5117.0,North America
2020-10-25,1206.0,22.0,263877.0,5139.0,North America
2020-10-26,1198.0,24.0,265075.0,5163.0,North America
2020-01-01,423.0,7.0,423.0,7.0,South America
2020-01-02,441.0,8.0,864.0,15.0,South America
2020-01-03,445.0,10.0,1309.0,25.0,South America
2020-01-04,444.0,7.0,1753.0,32.0,South America
2020-01-05,425.0,8.0,2178.0,40.0,South America
2020-01-06,443.0,7.0,2621.0,47.0,South America
2020-01-07,428.0,10.0,3049.0,57.0,South America
2020-01-08,424.0,6.0,3473.0,63.0,South America
2020-01-09,428.0,6.0,3901.0,69.0,South America
2020-01-10,435.0,8.0,4336.0,77.0,South America
2020-01-11,416.0,9.0,4752.0,86.0,South America
2020-01-12,430.0,8.0,5182.0,94.0,South America
2020-01-13,446.0,9.0,5628.0,103.0,South America
2020-01-14,430.0,7.0,6058.0,110.0,South America
2020-01-15,410.0,7.0,6468.0,117.0,South America
2020-01-16,429.0,10.0,6897.0,127.0,South America
2020-01-17,420.0,9.0,7317.0,136.0,South America
2020-01-18,435.0,10.0,7752.0,146.0,South America
2020-01-19,459.0,7.0,8211.0,153.0,South America
2020-01-20,461.0,10.0,8672.0,163.0,South America
2020-01-21,471.0,9.0,9143.0,172.0,South America
2020-01-22,461.0,7.0,9604.0,179.0,South America
2020-01-23,450.0,7.0,10054.0,186.0,South America
2020-01-24,432.0,8.0,10486.0,194.0,South America
2020-01-25,425.0,6.0,10911.0,200.0,South America
2020-01-26,420.0,9.0,11331.0,209.0,South America
2020-01-27,409.0,10.0,11740.0,219.0,South America
2020-01-28,417.0,6.0,12157.0,225.0,South America
2020-01-29,406.0,9.0,12563.0,234.0,South America
2020-01-30,397.0,6.0,12960.0,240.0,South America
2020-01-31,406.0,9.0,13366.0,249.0,South America
2020-02-01,426.0,10.0,13792.0,259.0,South America
2020-02-02,406.0,9.0,14198.0,268.0,South America
2020-02-03,390.0,7.0,14588.0,275.0,South America
2020-02-04,389.0,9.0,14977.0,284.0,South America
2020-02-05,376.0,6.0,15353.0,290.0,South America
2020-02-06,398.0,7.0,15751.0,297.0,South America
2020-02-07,389.0,8.0,16140.0,305.0,South America
2020-02-08,369.0,9.0,16509.0,314.0,South America
2020-02-09,368.0,6.0,16877.0,320.0,South America
2020-02-10,375.0,7.0,17252.0,327.0,South America
2020-02-11,397.0,6.0,17649.0,333.0,South America
2020-02-12,413.0,9.0,18062.0,342.0,South America
2020-02-13,429.0,7.0,18491.0,349.0,South America
2020-02-14,420.0,6.0,18911.0,355.0,South America
2020-02-15,436.0,8.0,19347.0,363.0,South America
2020-02-16,459.0,8.0,19806.0,371.0,South America
2020-02-17,466.0,10.0,20272.0,381.0,South America
2020-02-18,460.0,10.0,20732.0,391.0,South America
2020-02-19,445.0,7.0,21177.0,398.0,South America
2020-02-20,468.0,10.0,21645.0,408.0,South America
2020-02-21,467.0,11.0,22112.0,419.0,South America
2020-02-22,460.0,11.0,22572.0,430.0,South America
2020-02-23,441.0,10.0,23013.0,440.0,South America
2020-02-24,429.0,6.0,23442.0,446.0,South America
2020-02-25,445.0,7.0,23887.0,453.0,South America
2020-02-26,444.0,6.0,24331.0,459.0,South America
2020-02-27,449.0,9.0,24780.0,468.0,South America
2020-02-28,457.0,7.0,25237.0,475.0,South America
2020-02-29,437.0,9.0,25674.0,484.0,South America
2020-03-01,451.0,10.0,26125.0,494.0,South America
2020-03-02,436.0,8.0,26561.0,502.0,South America
2020-03-03,452.0,11.0,27013.0,513.0,South America
2020-03-04,436.0,9.0,27449.0,522.0,South America
2020-03-05,448.0,8.0,27897.0,530.0,South America
2020-03-06,441.0,10.0,28338.0,540.0,South America
2020-03-07,432.0,9.0,28770.0,549.0,South America
2020-03-08,453.0,10.0,29223.0,559.0,South America
2020-03-09,452.0,7.0,29675.0,566.0,South America
2020-03-10,455.0,7.0,30130.0,573.0,South America
2020-03-11,477.0,11.0,30607.0,584.0,South America
2020-03-12,490.0,10.0,31097.0,594.0,South America
2020-03-13,494.0,8.0,31591.0,602.0,South America
2020-03-14,502.0,8.0,32093.0,610.0,South America
2020-03-15,520.0,12.0,32613.0,622.0,South America
2020-03-16,530.0,11.0,33143.0,633.0,South America
2020-03-17,552.0,12.0,33695.0,645.0,South America
2020-03-18,554.0,10.0,34249.0,655.0,South America
2020-03-19,577.0,13.0,34826.0,668.0,South America
2020-03-20,594.0,12.0,35420.0,680.0,South America
2020-03-21,593.0,9.0,36013.0,689.0,South America
2020-03-22,595.0,10.0,36608.0,699.0,South America
2020-03-23,619.0,14.0,37227.0,713.0,South America
2020-03-24,614.0,11.0,37841.0,724.0,South America
2020-03-25,635.0,10.0,38476.0,734.0,South America
2020-03-26,622.0,14.0,39098.0,748.0,South America
2020-03-27,622.0,11.0,39720.0,759.0,South America
2020-03-28,602.0,12.0,40322.0,771.0,South America
2020-03-29,589.0,9.0,40911.0,780.0,South America
2020-03-30,597.0,9.0,41508.0,789.0,South America
2020-03-31,608.0,10.0,42116.0,799.0,South America
2020-04-01,625.0,12.0,42741.0,811.0,South America
2020-04-02,609.0,12.0,43350.0,823.0,South America
2020-04-03,610.0,13.0,43960.0,836.0,South America
2020-04-04,623.0,11.0,44583.0,847.0,South America
2020-04-05,603.0,13.0,45186.0,860.0,South America
2020-04-06,608.0,11.0,45794.0,871.0,South America
2020-04-07,630.0,12.0,46424.0,883.0,South America
2020-04-08,619.0,12.0,47043.0,895.0,South America
2020-04-09,628.0,13.0,47671.0,908.0,South America
2020-04-10,625.0,14.0,48296.0,922.0,South America
2020-04-11,621.0,13.0,48917.0,935.0,South America
2020-04-12,626.0,11.0,49543.0,946.0,South America
2020-04-13,613.0,13.0,50156.0,959.0,South America
2020-04-14,632.0,10.0,50788.0,969.0,South America
2020-04-15,623.0,11.0,51411.0,980.0,South America
2020-04-16,629.0,11.0,52040.0,991.0,South America
2020-04-17,616.0,14.0,52656.0,1005.0,South America
2020-04-18,620.0,12.0,53276.0,1017.0,South America
2020-04-19,603.0,11.0,53879.0,1028.0,South America
2020-04-20,615.0,12.0,54494.0,1040.0,South America
2020-04-21,595.0,12.0,55089.0,1052.0,South America
2020-04-22,593.0,9.0,55682.0,1061.0,South America
2020-04-23,603.0,14.0,56285.0,1075.0,South America
2020-04-24,598.0,11.0,56883.0,1086.0,South America
2020-04-25,591.0,10.0,57474.0,1096.0,South America
2020-04-26,575.0,11.0,58049.0,1107.0,South America
2020-04-27,595.0,10.0,58644.0,1117.0,South America
2020-04-28,600.0,12.0,59244.0,1129.0,South America
2020-04-29,607.0,11.0,59851.0,1140.0,South America
2020-04-30,588.0,12.0,60439.0,1152.0,South America
2020-05-01,573.0,10.0,61012.0,1162.0,South America
2020-05-02,561.0,10.0,61573.0,1172.0,South America
2020-05-03,573.0,9.0,62146.0,1181.0,South America
2020-05-04,593.0,10.0,62739.0,1191.0,South America
2020-05-05,597.0,9.0,63336.0,1200.0,South America
2020-05-06,589.0,13.0,63925.0,1213.0,South America
2020-05-07,577.0,9.0,64502.0,1222.0,South America
2020-05-08,569.0,12.0,65071.0,1234.0,South America
2020-05-09,579.0,9.0,65650.0,1243.0,South America
2020-05-10,599.0,13.0,66249.0,1256.0,South America
2020-05-11,589.0,12.0,66838.0,1268.0,South America
2020-05-12,572.0,11.0,67410.0,1279.0,South America
2020-05-13,585.0,11.0,67995.0,1290.0,South America
2020-05-14,602.0,10.0,68597.0,1300.0,South America
2020-05-15,585.0,9.0,69182.0,1309.0,South America
2020-05-16,602.0,14.0,69784.0,1323.0,South America
2020-05-17,600.0,14.0,70384.0,1337.0,South America
2020-05-18,585.0,10.0,70969.0,1347.0,South America
2020-05-19,598.0,13.0,71567.0,1360.0,South America
2020-05-20,595.0,10.0,72162.0,1370.0,South America
2020-05-21,587.0,12.0,72749.0,1382.0,South America
2020-05-22,607.0,10.0,73356.0,1392.0,South America
2020-05-23,609.0,13.0,73965.0,1405.0,South America
2020-05-24,607.0,14.0,74572.0,1419.0,South America
2020-05-25,631.0,13.0,75203.0,1432.0,South America
2020-05-26,621.0,13.0,75824.0,1445.0,South America
2020-05-27,601.0,13.0,76425.0,1458.0,South America
2020-05-28,604.0,14.0,77029.0,1472.0,South America
2020-05-29,590.0,12.0,77619.0,1484.0,South America
2020-05-30,594.0,10.0,78213.0,1494.0,South America
2020-05-31,594.0,13.0,78807.0,1507.0,South America
2020-06-01,588.0,12.0,79395.0,1519.0,South America
2020-06-02,568.0,13.0,79963.0,1532.0,South America
2020-06-03,559.0,11.0,80522.0,1543.0,South America
2020-06-04,545.0,9.0,81067.0,1552.0,South America
2020-06-05,539.0,11.0,81606.0,1563.0,South America
2020-06-06,539.0,10.0,82145.0,1573.0,South America
2020-06-07,537.0,10.0,82682.0,1583.0,South America
2020-06-08,545.0,12.0,83227.0,1595.0,South America
2020-06-09,549.0,10.0,83776.0,1605.0,South America
2020-06-10,561.0,10.0,84337.0,1615.0,South America
2020-06-11,572.0,10.0,84909.0,1625.0,South America
2020-06-12,586.0,9.0,85495.0,1634.0,South America
2020-06-13,609.0,11.0,86104.0,1645.0,South America
2020-06-14,626.0,12.0,86730.0,1657.0,South America
2020-06-15,631.0,11.0,87361.0,1668.0,South America
2020-06-16,621.0,14.0,87982.0,1682.0,South America
2020-06-17,635.0,10.0,88617.0,1692.0,South America
2020-06-18,622.0,12.0,89239.0,1704.0,South America
2020-06-19,615.0,10.0,89854.0,1714.0,South America
2020-06-20,604.0,12.0,90458.0,1726.0,South America
2020-06-21,585.0,13.0,91043.0,1739.0,South America
2020-06-22,573.0,9.0,91616.0,1748.0,South America
2020-06-23,555.0,12.0,92171.0,1760.0,South America
2020-06-24,555.0,11.0,92726.0,1771.0,South America
2020-06-25,560.0,12.0,93286.0,1783.0,South America
2020-06-26,547.0,8.0,93833.0,1791.0,South America
2020-06-27,528.0,11.0,94361.0,1802.0,South America
2020-06-28,513.0,11.0,94874.0,1813.0,South America
2020-06-29,520.0,8.0,95394.0,1821.0,South America
2020-06-30,528.0,12.0,95922.0,1833.0,South America
2020-07-01,533.0,11.0,96455.0,1844.0,South America
2020-07-02,537.0,11.0,96992.0,1855.0,South America
2020-07-03,528.0,12.0,97520.0,1867.0,South America
2020-07-04,512.0,11.0,98032.0,1878.0,South America
2020-07-05,525.0,11.0,98557.0,1889.0,South America
2020-07-06,541.0,11.0,99098.0,1900.0,South America
2020-07-07,535.0,9.0,99633.0,1909.0,South America
2020-07-08,558.0,13.0,100191.0,1922.0,South America
2020-07-09,573.0,12.0,100764.0,1934.0,South America
2020-07-10,567.0,13.0,101331.0,1947.0,South America
2020-07-11,589.0,11.0,101920.0,1958.0,South America
2020-07-12,591.0,11.0,102511.0,1969.0,South America
2020-07-13,576.0,12.0,103087.0,1981.0,South America
2020-07-14,599.0,13.0,103686.0,1994.0,South America
2020-07-15,621.0,14.0,104307.0,2008.0,South America
2020-07-16,645.0,14.0,104952.0,2022.0,South America
2020-07-17,645.0,11.0,105597.0,2033.0,South America
2020-07-18,647.0,12.0,106244.0,2045.0,South America
2020-07-19,669.0,15.0,106913.0,2060.0,South America
2020-07-20,664.0,15.0,107577.0,2075.0,South America
2020-07-21,658.0,12.0,108235.0,2087.0,South America
2020-07-22,662.0,12.0,108897.0,2099.0,South America
2020-07-23,677.0,15.0,109574.0,2114.0,South America
2020-07-24,667.0,11.0,110241.0,2125.0,South America
2020-07-25,661.0,15.0,110902.0,2140.0,South America
2020-07-26,644.0,14.0,111546.0,2154.0,South America
2020-07-27,644.0,11.0,112190.0,2165.0,South America
2020-07-28,636.0,11.0,112826.0,2176.0,South America
2020-07-29,637.0,14.0,113463.0,2190.0,South America
2020-07-30,635.0,14.0,114098.0,2204.0,South America
2020-07-31,648.0,14.0,114746.0,2218.0,South America
2020-08-01,641.0,11.0,115387.0,2229.0,South America
2020-08-02,624.0,14.0,116011.0,2243.0,South America
2020-08-03,630.0,14.0,116641.0,2257.0,South America
2020-08-04,638.0,13.0,117279.0,2270.0,South America
2020-08-05,645.0,10.0,117924.0,2280.0,South America
2020-08-06,659.0,13.0,118583.0,2293.0,South America
2020-08-07,646.0,10.0,119229.0,2303.0,South America
2020-08-08,641.0,13.0,119870.0,2316.0,South America
2020-08-09,662.0,13.0,120532.0,2329.0,South America
2020-08-10,677.0,15.0,121209.0,2344.0,South America
2020-08-11,686.0,14.0,121895.0,2358.0,South America
2020-08-12,683.0,15.0,122578.0,2373.0,South America
2020-08-13,664.0,12.0,123242.0,2385.0,South America
2020-08-14,656.0,14.0,123898.0,2399.0,South America
2020-08-15,639.0,11.0,124537.0,2410.0,South America
2020-08-16,644.0,13.0,125181.0,2423.0,South America
2020-08-17,648.0,13.0,125829.0,2436.0,South America
2020-08-18,657.0,12.0,126486.0,2448.0,South America
2020-08-19,647.0,12.0,127133.0,2460.0,South America
2020-08-20,633.0,10.0,127766.0,2470.0,South America
2020-08-21,643.0,14.0,128409.0,2484.0,South America
2020-08-22,666.0,14.0,129075.0,2498.0,South America
2020-08-23,655.0,15.0,129730.0,2513.0,South America
2020-08-24,673.0,12.0,130403.0,2525.0,South America
2020-08-25,665.0,15.0,131068.0,2540.0,South America
2020-08-26,675.0,12.0,131743.0,2552.0,South America
2020-08-27,661.0,15.0,132404.0,2567.0,South America
2020-08-28,682.0,11.0,133086.0,2578.0,South America
2020-08-29,703.0,12.0,133789.0,2590.0,South America
2020-08-30,718.0,12.0,134507.0,2602.0,South America
2020-08-31,717.0,12.0,135224.0,2614.0,South America
2020-09-01,700.0,12.0,135924.0,2626.0,South America
2020-09-02,686.0,11.0,136610.0,2637.0,South America
2020-09-03,666.0,12.0,137276.0,2649.0,South America
2020-09-04,689.0,14.0,137965.0,2663.0,South America
2020-09-05,713.0,16.0,138678.0,2679.0,South America
2020-09-06,734.0,12.0,139412.0,2691.0,South America
2020-09-07,726.0,13.0,140138.0,2704.0,South America
2020-09-08,727.0,13.0,140865.0,2717.0,South America
2020-09-09,727.0,13.0,141592.0,2730.0,South America
2020-09-10,728.0,15.0,142320.0,2745.0,South America
2020-09-11,735.0,16.0,143055.0,2761.0,South America
2020-09-12,723.0,15.0,143778.0,2776.0,South America
2020-09-13,728.0,14.0,144506.0,2790.0,South America
2020-09-14,716.0,13.0,145222.0,2803.0,South America
2020-09-15,710.0,14.0,145932.0,2817.0,South America
2020-09-16,699.0,11.0,146631.0,2828.0,South America
2020-09-17,702.0,12.0,147333.0,2840.0,South America
2020-09-18,723.0,15.0,148056.0,2855.0,South America
2020-09-19,710.0,16.0,148766.0,2871.0,South America
2020-09-20,713.0,14.0,149479.0,2885.0,South America
2020-09-21,708.0,16.0,150187.0,2901.0,South America
2020-09-22,713.0,15.0,150900.0,2916.0,South America
2020-09-23,719.0,12.0,151619.0,2928.0,South America
2020-09-24,735.0,16.0,152354.0,2944.0,South America
2020-09-25,718.0,16.0,153072.0,2960.0,South America
2020-09-26,721.0,12.0,153793.0,2972.0,South America
2020-09-27,719.0,14.0,154512.0,2986.0,South America
2020-09-28,734.0,12.0,155246.0,2998.0,South America
2020-09-29,752.0,17.0,155998.0,3015.0,South America
2020-09-30,741.0,14.0,156739.0,3029.0,South America
2020-10-01,745.0,14.0,157484.0,3043.0,South America
2020-10-02,742.0,12.0,158226.0,3055.0,South America
2020-10-03,740.0,16.0,158966.0,3071.0,South America
2020-10-04,755.0,16.0,159721.0,3087.0,South America
2020-10-05,744.0,16.0,160465.0,3103.0,South America
2020-10-06,756.0,14.0,161221.0,3117.0,South America
2020-10-07,740.0,15.0,161961.0,3132.0,South America
2020-10-08,754.0,15.0,162715.0,3147.0,South America
2020-10-09,777.0,16.0,163492.0,3163.0,South America
2020-10-10,790.0,15.0,164282.0,3178.0,South America
2020-10-11,802.0,16.0,165084.0,3194.0,South America
2020-10-12,802.0,17.0,165886.0,3211.0,South America
2020-10-13,798.0,15.0,166684.0,3226.0,South America
2020-10-14,799.0,15.0,167483.0,3241.0,South America
2020-10-15,815.0,15.0,168298.0,3256.0,South America
2020-10-16,809.0,18.0,169107.0,3274.0,South America
2020-10-17,823.0,18.0,169930.0,3292.0,South America
2020-10-18,830.0,15.0,170760.0,3307.0,South America
2020-10-19,816.0,17.0,171576.0,3324.0,South America
2020-10-20,827.0,14.0,172403.0,3338.0,South America
2020-10-21,817.0,14.0,173220.0,3352.0,South America
2020-10-22,806.0,14.0,174026.0,3366.0,South America
2020-10-23,794.0,14.0,174820.0,3380.0,South America
2020-10-24,787.0,14.0,175607.0,3394.0,South America
2020-10-25,779.0,15.0,176386.0,3409.0,South America
2020-10-26,783.0,13.0,177169.0,3422.0,South America
2020-01-01,324.0,4.0,324.0,4.0,Africa
2020-01-02,317.0,4.0,641.0,8.0,Africa
2020-01-03,337.0,8.0,978.0,16.0,Africa
2020-01-04,357.0,9.0,1335.0,25.0,Africa
2020-01-05,361.0,6.0,1696.0,31.0,Africa
2020-01-06,350.0,8.0,2046.0,39.0,Africa
2020-01-07,350.0,6.0,2396.0,45.0,Africa
2020-01-08,365.0,7.0,2761.0,52.0,Africa
2020-01-09,356.0,5.0,3117.0,57.0,Africa
2020-01-10,362.0,5.0,3479.0,62.0,Africa
2020-01-11,381.0,5.0,3860.0,67.0,Africa
2020-01-12,362.0,6.0,4222.0,73.0,Africa
2020-01-13,354.0,6.0,4576.0,79.0,Africa
2020-01-14,365.0,5.0,4941.0,84.0,Africa
2020-01-15,375.0,6.0,5316.0,90.0,Africa
2020-01-16,370.0,9.0,5686.0,99.0,Africa
2020-01-17,381.0,9.0,6067.0,108.0,Africa
2020-01-18,392.0,6.0,6459.0,114.0,Africa
2020-01-19,405.0,6.0,6864.0,120.0,Africa
2020-01-20,395.0,6.0,7259.0,126.0,Africa
2020-01-21,384.0,6.0,7643.0,132.0,Africa
2020-01-22,378.0,6.0,8021.0,138.0,Africa
2020-01-23,374.0,7.0,8395.0,145.0,Africa
2020-01-24,393.0,9.0,8788.0,154.0,Africa
2020-01-25,390.0,8.0,9178.0,162.0,Africa
2020-01-26,378.0,8.0,9556.0,170.0,Africa
2020-01-27,382.0,7.0,9938.0,177.0,Africa
2020-01-28,401.0,7.0,10339.0,184.0,Africa
2020-01-29,394.0,7.0,10733.0,191.0,Africa
2020-01-30,398.0,7.0,11131.0,198.0,Africa
2020-01-31,399.0,5.0,11530.0,203.0,Africa
2020-02-01,408.0,10.0,11938.0,213.0,Africa
2020-02-02,407.0,9.0,12345.0,222.0,Africa
2020-02-03,407.0,7.0,12752.0,229.0,Africa
2020-02-04,430.0,9.0,13182.0,238.0,Africa
2020-02-05,441.0,9.0,13623.0,247.0,Africa
2020-02-06,441.0,10.0,14064.0,257.0,Africa
2020-02-07,455.0,10.0,14519.0,267.0,Africa
2020-02-08,466.0,10.0,14985.0,277.0,Africa
2020-02-09,475.0,9.0,15460.0,286.0,Africa
2020-02-10,493.0,11.0,15953.0,297.0,Africa
2020-02-11,484.0,7.0,16437.0,304.0,Africa
2020-02-12,504.0,9.0,16941.0,313.0,Africa
2020-02-13,501.0,11.0,17442.0,324.0,Africa
2020-02-14,501.0,9.0,17943.0,333.0,Africa
2020-02-15,493.0,7.0,18436.0,340.0,Africa
2020-02-16,493.0,8.0,18929.0,348.0,Africa
2020-02-17,480.0,7.0,19409.0,355.0,Africa
2020-02-18,499.0,9.0,19908.0,364.0,Africa
2020-02-19,485.0,10.0,20393.0,374.0,Africa
2020-02-20,487.0,7.0,20880.0,381.0,Africa
2020-02-21,510.0,9.0,21390.0,390.0,Africa
2020-02-22,521.0,11.0,21911.0,401.0,Africa
2020-02-23,511.0,10.0,22422.0,411.0,Africa
2020-02-24,512.0,11.0,22934.0,422.0,Africa
2020-02-25,513.0,8.0,23447.0,430.0,Africa
2020-02-26,535.0,10.0,23982.0,440.0,Africa
2020-02-27,539.0,9.0,24521.0,449.0,Africa
2020-02-28,540.0,10.0,25061.0,459.0,Africa
2020-02-29,547.0,10.0,25608.0,469.0,Africa
2020-03-01,555.0,13.0,26163.0,482.0,Africa
2020-03-02,547.0,10.0,26710.0,492.0,Africa
2020-03-03,544.0,10.0,27254.0,502.0,Africa
2020-03-04,525.0,11.0,27779.0,513.0,Africa
2020-03-05,533.0,9.0,28312.0,522.0,Africa
2020-03-06,533.0,11.0,28845.0,533.0,Africa
2020-03-07,527.0,11.0,29372.0,544.0,Africa
2020-03-08,533.0,8.0,29905.0,552.0,Africa
2020-03-09,543.0,11.0,30448.0,563.0,Africa
2020-03-10,537.0,12.0,30985.0,575.0,Africa
2020-03-11,539.0,12.0,31524.0,587.0,Africa
2020-03-12,542.0,8.0,32066.0,595.0,Africa
2020-03-13,565.0,10.0,32631.0,605.0,Africa
2020-03-14,557.0,10.0,33188.0,615.0,Africa
2020-03-15,558.0,12.0,33746.0,627.0,Africa
2020-03-16,580.0,12.0,34326.0,639.0,Africa
2020-03-17,596.0,12.0,34922.0,651.0,Africa
2020-03-18,608.0,11.0,35530.0,662.0,Africa
2020-03-19,590.0,11.0,36120.0,673.0,Africa
2020-03-20,588.0,13.0,36708.0,686.0,Africa
2020-03-21,590.0,11.0,37298.0,697.0,Africa
2020-03-22,598.0,11.0,37896.0,708.0,Africa
2020-03-23,607.0,11.0,38503.0,719.0,Africa
2020-03-24,625.0,12.0,39128.0,731.0,Africa
2020-03-25,648.0,10.0,39776.0,741.0,Africa
2020-03-26,652.0,14.0,40428.0,755.0,Africa
2020-03-27,668.0,11.0,41096.0,766.0,Africa
2020-03-28,655.0,15.0,41751.0,781.0,Africa
2020-03-29,676.0,14.0,42427.0,795.0,Africa
2020-03-30,671.0,13.0,43098.0,808.0,Africa
2020-03-31,658.0,15.0,43756.0,823.0,Africa
2020-04-01,638.0,13.0,44394.0,836.0,Africa
2020-04-02,661.0,13.0,45055.0,849.0,Africa
2020-04-03,645.0,10.0,45700.0,859.0,Africa
2020-04-04,627.0,13.0,46327.0,872.0,Africa
2020-04-05,607.0,12.0,46934.0,884.0,Africa
2020-04-06,590.0,9.0,47524.0,893.0,Africa
2020-04-07,609.0,14.0,48133.0,907.0,Africa
2020-04-08,623.0,14.0,48756.0,921.0,Africa
2020-04-09,634.0,14.0,49390.0,935.0,Africa
2020-04-10,655.0,15.0,50045.0,950.0,Africa
2020-04-11,668.0,12.0,50713.0,962.0,Africa
2020-04-12,690.0,14.0,51403.0,976.0,Africa
2020-04-13,694.0,14.0,52097.0,990.0,Africa
2020-04-14,683.0,12.0,52780.0,1002.0,Africa
2020-04-15,683.0,13.0,53463.0,1015.0,Africa
2020-04-16,701.0,14.0,54164.0,1029.0,Africa
2020-04-17,707.0,16.0,54871.0,1045.0,Africa
2020-04-18,713.0,12.0,55584.0,1057.0,Africa
2020-04-19,694.0,13.0,56278.0,1070.0,Africa
2020-04-20,714.0,12.0,56992.0,1082.0,Africa
2020-04-21,706.0,15.0,57698.0,1097.0,Africa
2020-04-22,694.0,11.0,58392.0,1108.0,Africa
2020-04-23,709.0,15.0,59101.0,1123.0,Africa
2020-04-24,710.0,13.0,59811.0,1136.0,Africa
2020-04-25,731.0,13.0,60542.0,1149.0,Africa
2020-04-26,736.0,16.0,61278.0,1165.0,Africa
2020-04-27,727.0,14.0,62005.0,1179.0,Africa
2020-04-28,723.0,16.0,62728.0,1195.0,Africa
2020-04-29,716.0,15.0,63444.0,1210.0,Africa
2020-04-30,709.0,16.0,64153.0,1226.0,Africa
2020-05-01,722.0,12.0,64875.0,1238.0,Africa
2020-05-02,721.0,15.0,65596.0,1253.0,Africa
2020-05-03,711.0,13.0,66307.0,1266.0,Africa
2020-05-04,706.0,14.0,67013.0,1280.0,Africa
2020-05-05,716.0,15.0,67729.0,1295.0,Africa
2020-05-06,701.0,15.0,68430.0,1310.0,Africa
2020-05-07,699.0,11.0,69129.0,1321.0,Africa
2020-05-08,715.0,14.0,69844.0,1335.0,Africa
2020-05-09,698.0,12.0,70542.0,1347.0,Africa
2020-05-10,681.0,14.0,71223.0,1361.0,Africa
2020-05-11,680.0,14.0,71903.0,1375.0,Africa
2020-05-12,669.0,11.0,72572.0,1386.0,Africa
2020-05-13,672.0,15.0,73244.0,1401.0,Africa
2020-05-14,686.0,12.0,73930.0,1413.0,Africa
2020-05-15,691.0,13.0,74621.0,1426.0,Africa
2020-05-16,707.0,15.0,75328.0,1441.0,Africa
2020-05-17,724.0,15.0,76052.0,1456.0,Africa
2020-05-18,724.0,13.0,76776.0,1469.0,Africa
2020-05-19,743.0,16.0,77519.0,1485.0,Africa
2020-05-20,761.0,16.0,78280.0,1501.0,Africa
2020-05-21,761.0,14.0,79041.0,1515.0,Africa
2020-05-22,750.0,13.0,79791.0,1528.0,Africa
2020-05-23,767.0,17.0,80558.0,1545.0,Africa
2020-05-24,750.0,15.0,81308.0,1560.0,Africa
2020-05-25,774.0,16.0,82082.0,1576.0,Africa
2020-05-26,773.0,14.0,82855.0,1590.0,Africa
2020-05-27,769.0,13.0,83624.0,1603.0,Africa
2020-05-28,755.0,15.0,84379.0,1618.0,Africa
2020-05-29,738.0,13.0,85117.0,1631.0,Africa
2020-05-30,746.0,13.0,85863.0,1644.0,Africa
2020-05-31,739.0,14.0,86602.0,1658.0,Africa
2020-06-01,721.0,12.0,87323.0,1670.0,Africa
2020-06-02,724.0,12.0,88047.0,1682.0,Africa
2020-06-03,740.0,16.0,88787.0,1698.0,Africa
2020-06-04,735.0,15.0,89522.0,1713.0,Africa
2020-06-05,718.0,14.0,90240.0,1727.0,Africa
2020-06-06,721.0,14.0,90961.0,1741.0,Africa
2020-06-07,734.0,14.0,91695.0,1755.0,Africa
2020-06-08,743.0,12.0,92438.0,1767.0,Africa
2020-06-09,740.0,15.0,93178.0,1782.0,Africa
2020-06-10,738.0,16.0,93916.0,1798.0,Africa
2020-06-11,748.0,13.0,94664.0,1811.0,Africa
2020-06-12,746.0,13.0,95410.0,1824.0,Africa
2020-06-13,744.0,14.0,96154.0,1838.0,Africa
2020-06-14,745.0,15.0,96899.0,1853.0,Africa
2020-06-15,748.0,12.0,97647.0,1865.0,Africa
2020-06-16,772.0,16.0,98419.0,1881.0,Africa
2020-06-17,763.0,16.0,99182.0,1897.0,Africa
2020-06-18,772.0,13.0,99954.0,1910.0,Africa
2020-06-19,789.0,15.0,100743.0,1925.0,Africa
2020-06-20,799.0,16.0,101542.0,1941.0,Africa
2020-06-21,814.0,15.0,102356.0,1956.0,Africa
2020-06-22,812.0,14.0,103168.0,1970.0,Africa
2020-06-23,836.0,18.0,104004.0,1988.0,Africa
2020-06-24,851.0,17.0,104855.0,2005.0,Africa
2020-06-25,860.0,15.0,105715.0,2020.0,Africa
2020-06-26,872.0,19.0,106587.0,2039.0,Africa
2020-06-27,869.0,19.0,107456.0,2058.0,Africa
2020-06-28,876.0,18.0,108332.0,2076.0,Africa
2020-06-29,866.0,18.0,109198.0,2094.0,Africa
2020-06-30,890.0,18.0,110088.0,2112.0,Africa
2020-07-01,902.0,16.0,110990.0,2128.0,Africa
2020-07-02,898.0,15.0,111888.0,2143.0,Africa
2020-07-03,883.0,17.0,112771.0,2160.0,Africa
2020-07-04,866.0,18.0,113637.0,2178.0,Africa
2020-07-05,865.0,19.0,114502.0,2197.0,Africa
2020-07-06,871.0,16.0,115373.0,2213.0,Africa
2020-07-07,865.0,17.0,116238.0,2230.0,Africa
2020-07-08,850.0,15.0,117088.0,2245.0,Africa
2020-07-09,843.0,16.0,117931.0,2261.0,Africa
2020-07-10,833.0,16.0,118764.0,2277.0,Africa
2020-07-11,851.0,17.0,119615.0,2294.0,Africa
2020-07-12,839.0,16.0,120454.0,2310.0,Africa
2020-07-13,844.0,15.0,121298.0,2325.0,Africa
2020-07-14,839.0,17.0,122137.0,2342.0,Africa
2020-07-15,823.0,18.0,122960.0,2360.0,Africa
2020-07-16,812.0,16.0,123772.0,2376.0,Africa
2020-07-17,794.0,15.0,124566.0,2391.0,Africa
2020-07-18,786.0,15.0,125352.0,2406.0,Africa
2020-07-19,808.0,17.0,126160.0,2423.0,Africa
2020-07-20,817.0,14.0,126977.0,2437.0,Africa
2020-07-21,841.0,14.0,127818.0,2451.0,Africa
2020-07-22,826.0,15.0,128644.0,2466.0,Africa
2020-07-23,822.0,14.0,129466.0,2480.0,Africa
2020-07-24,846.0,16.0,130312.0,2496.0,Africa
2020-07-25,844.0,16.0,131156.0,2512.0,Africa
2020-07-26,865.0,17.0,132021.0,2529.0,Africa
2020-07-27,879.0,16.0,132900.0,2545.0,Africa
2020-07-28,884.0,17.0,133784.0,2562.0,Africa
2020-07-29,868.0,15.0,134652.0,2577.0,Africa
2020-07-30,876.0,18.0,135528.0,2595.0,Africa
2020-07-31,892.0,18.0,136420.0,2613.0,Africa
2020-08-01,891.0,19.0,137311.0,2632.0,Africa
2020-08-02,891.0,15.0,138202.0,2647.0,Africa
2020-08-03,880.0,17.0,139082.0,2664.0,Africa
2020-08-04,864.0,18.0,139946.0,2682.0,Africa
2020-08-05,879.0,15.0,140825.0,2697.0,Africa
2020-08-06,864.0,18.0,141689.0,2715.0,Africa
2020-08-07,869.0,17.0,142558.0,2732.0,Africa
2020-08-08,852.0,18.0,143410.0,2750.0,Africa
2020-08-09,870.0,19.0,144280.0,2769.0,Africa
2020-08-10,888.0,19.0,145168.0,2788.0,Africa
2020-08-11,902.0,19.0,146070.0,2807.0,Africa
2020-08-12,882.0,15.0,146952.0,2822.0,Africa
2020-08-13,885.0,15.0,147837.0,2837.0,Africa
2020-08-14,900.0,16.0,148737.0,2853.0,Africa
2020-08-15,885.0,18.0,149622.0,2871.0,Africa
2020-08-16,905.0,16.0,150527.0,2887.0,Africa
2020-08-17,928.0,18.0,151455.0,2905.0,Africa
2020-08-18,938.0,20.0,152393.0,2925.0,Africa
2020-08-19,937.0,18.0,153330.0,2943.0,Africa
2020-08-20,940.0,16.0,154270.0,2959.0,Africa
2020-08-21,944.0,18.0,155214.0,2977.0,Africa
2020-08-22,959.0,17.0,156173.0,2994.0,Africa
2020-08-23,959.0,20.0,157132.0,3014.0,Africa
2020-08-24,968.0,19.0,158100.0,3033.0,Africa
2020-08-25,971.0,20.0,159071.0,3053.0,Africa
2020-08-26,994.0,20.0,160065.0,3073.0,Africa
2020-08-27,1015.0,19.0,161080.0,3092.0,Africa
2020-08-28,1024.0,18.0,162104.0,3110.0,Africa
2020-08-29,1025.0,22.0,163129.0,3132.0,Africa
2020-08-30,1032.0,18.0,164161.0,3150.0,Africa
2020-08-31,1018.0,22.0,165179.0,3172.0,Africa
2020-09-01,1032.0,18.0,166211.0,3190.0,Africa
2020-09-02,1039.0,21.0,167250.0,3211.0,Africa
2020-09-03,1032.0,20.0,168282.0,3231.0,Africa
2020-09-04,1021.0,20.0,169303.0,3251.0,Africa
2020-09-05,1016.0,19.0,170319.0,3270.0,Africa
2020-09-06,1011.0,22.0,171330.0,3292.0,Africa
2020-09-07,1021.0,22.0,172351.0,3314.0,Africa
2020-09-08,1042.0,22.0,173393.0,3336.0,Africa
2020-09-09,1046.0,21.0,174439.0,3357.0,Africa
2020-09-10,1038.0,22.0,175477.0,3379.0,Africa
2020-09-11,1023.0,20.0,176500.0,3399.0,Africa
2020-09-12,1046.0,21.0,177546.0,3420.0,Africa
2020-09-13,1034.0,18.0,178580.0,3438.0,Africa
2020-09-14,1058.0,23.0,179638.0,3461.0,Africa
2020-09-15,1073.0,23.0,180711.0,3484.0,Africa
2020-09-16,1095.0,19.0,181806.0,3503.0,Africa
2020-09-17,1094.0,23.0,182900.0,3526.0,Africa
2020-09-18,1091.0,19.0,183991.0,3545.0,Africa
2020-09-19,1113.0,23.0,185104.0,3568.0,Africa
2020-09-20,1113.0,22.0,186217.0,3590.0,Africa
2020-09-21,1096.0,19.0,187313.0,3609.0,Africa
2020-09-22,1108.0,21.0,188421.0,3630.0,Africa
2020-09-23,1114.0,20.0,189535.0,3650.0,Africa
2020-09-24,1100.0,24.0,190635.0,3674.0,Africa
2020-09-25,1085.0,22.0,191720.0,3696.0,Africa
2020-09-26,1079.0,22.0,192799.0,3718.0,Africa
2020-09-27,1076.0,19.0,193875.0,3737.0,Africa
2020-09-28,1087.0,21.0,194962.0,3758.0,Africa
2020-09-29,1077.0,20.0,196039.0,3778.0,Africa
2020-09-30,1076.0,22.0,197115.0,3800.0,Africa
2020-10-01,1079.0,23.0,198194.0,3823.0,Africa
2020-10-02,1073.0,23.0,199267.0,3846.0,Africa
2020-10-03,1059.0,21.0,200326.0,3867.0,Africa
2020-10-04,1059.0,22.0,201385.0,3889.0,Africa
2020-10-05,1080.0,19.0,202465.0,3908.0,Africa
2020-10-06,1085.0,23.0,203550.0,3931.0,Africa
2020-10-07,1108.0,22.0,204658.0,3953.0,Africa
2020-10-08,1101.0,23.0,205759.0,3976.0,Africa
2020-10-09,1117.0,23.0,206876.0,3999.0,Africa
2020-10-10,1117.0,23.0,207993.0,4022.0,Africa
2020-10-11,1114.0,23.0,209107.0,4045.0,Africa
2020-10-12,1098.0,22.0,210205.0,4067.0,Africa
2020-10-13,1080.0,23.0,211285.0,4090.0,Africa
2020-10-14,1082.0,21.0,212367.0,4111.0,Africa
2020-10-15,1087.0,22.0,213454.0,4133.0,Africa
2020-10-16,1103.0,21.0,214557.0,4154.0,Africa
2020-10-17,1106.0,21.0,215663.0,4175.0,Africa
2020-10-18,1104.0,22.0,216767.0,4197.0,Africa
2020-10-19,1108.0,20.0,217875.0,4217.0,Africa
2020-10-20,1108.0,20.0,218983.0,4237.0,Africa
2020-10-21,1099.0,19.0,220082.0,4256.0,Africa
2020-10-22,1119.0,21.0,221201.0,4277.0,Africa
2020-10-23,1131.0,20.0,222332.0,4297.0,Africa
2020-10-24,1114.0,24.0,223446.0,4321.0,Africa
2020-10-25,1135.0,23.0,224581.0,4344.0,Africa
2020-10-26,1121.0,21.0,225702.0,4365.0,Africa
2020-01-01,319.0,4.0,319.0,4.0,Oceania
2020-01-02,317.0,4.0,636.0,8.0,Oceania
2020-01-03,338.0,4.0,974.0,12.0,Oceania
2020-01-04,318.0,6.0,1292.0,18.0,Oceania
2020-01-05,326.0,6.0,1618.0,24.0,Oceania
2020-01-06,350.0,7.0,1968.0,31.0,Oceania
2020-01-07,364.0,9.0,2332.0,40.0,Oceania
2020-01-08,383.0,9.0,2715.0,49.0,Oceania
2020-01-09,376.0,9.0,3091.0,58.0,Oceania
2020-01-10,390.0,6.0,3481.0,64.0,Oceania
2020-01-11,414.0,10.0,3895.0,74.0,Oceania
2020-01-12,413.0,8.0,4308.0,82.0,Oceania
2020-01-13,405.0,8.0,4713.0,90.0,Oceania
2020-01-14,422.0,7.0,5135.0,97.0,Oceania
2020-01-15,409.0,7.0,5544.0,104.0,Oceania
2020-01-16,431.0,10.0,5975.0,114.0,Oceania
2020-01-17,430.0,9.0,6405.0,123.0,Oceania
2020-01-18,442.0,7.0,6847.0,130.0,Oceania
2020-01-19,447.0,6.0,7294.0,136.0,Oceania
2020-01-20,465.0,9.0,7759.0,145.0,Oceania
2020-01-21,465.0,7.0,8224.0,152.0,Oceania
2020-01-22,486.0,9.0,8710.0,161.0,Oceania
2020-01-23,508.0,10.0,9218.0,171.0,Oceania
2020-01-24,528.0,9.0,9746.0,180.0,Oceania
2020-01-25,516.0,9.0,10262.0,189.0,Oceania
2020-01-26,519.0,8.0,10781.0,197.0,Oceania
2020-01-27,535.0,10.0,11316.0,207.0,Oceania
2020-01-28,555.0,9.0,11871.0,216.0,Oceania
2020-01-29,551.0,12.0,12422.0,228.0,Oceania
2020-01-30,554.0,9.0,12976.0,237.0,Oceania
2020-01-31,554.0,13.0,13530.0,250.0,Oceania
2020-02-01,572.0,9.0,14102.0,259.0,Oceania
2020-02-02,592.0,13.0,14694.0,272.0,Oceania
2020-02-03,610.0,14.0,15304.0,286.0,Oceania
2020-02-04,602.0,14.0,15906.0,300.0,Oceania
2020-02-05,592.0,12.0,16498.0,312.0,Oceania
2020-02-06,590.0,9.0,17088.0,321.0,Oceania
2020-02-07,580.0,9.0,17668.0,330.0,Oceania
2020-02-08,572.0,12.0,18240.0,342.0,Oceania
2020-02-09,596.0,11.0,18836.0,353.0,Oceania
2020-02-10,576.0,10.0,19412.0,363.0,Oceania
2020-02-11,595.0,9.0,20007.0,372.0,Oceania
2020-02-12,618.0,11.0,20625.0,383.0,Oceania
2020-02-13,616.0,13.0,21241.0,396.0,Oceania
2020-02-14,607.0,12.0,21848.0,408.0,Oceania
2020-02-15,594.0,11.0,22442.0,419.0,Oceania
2020-02-16,581.0,11.0,23023.0,430.0,Oceania
2020-02-17,605.0,13.0,23628.0,443.0,Oceania
2020-02-18,596.0,13.0,24224.0,456.0,Oceania
2020-02-19,608.0,14.0,24832.0,470.0,Oceania
2020-02-20,632.0,11.0,25464.0,481.0,Oceania
2020-02-21,637.0,14.0,26101.0,495.0,Oceania
2020-02-22,655.0,15.0,26756.0,510.0,Oceania
2020-02-23,662.0,13.0,27418.0,523.0,Oceania
2020-02-24,646.0,12.0,28064.0,535.0,Oceania
2020-02-25,633.0,11.0,28697.0,546.0,Oceania
2020-02-26,637.0,10.0,29334.0,556.0,Oceania
2020-02-27,643.0,11.0,29977.0,567.0,Oceania
2020-02-28,645.0,11.0,30622.0,578.0,Oceania
2020-02-29,654.0,14.0,31276.0,592.0,Oceania
2020-03-01,678.0,14.0,31954.0,606.0,Oceania
2020-03-02,680.0,12.0,32634.0,618.0,Oceania
2020-03-03,679.0,12.0,33313.0,630.0,Oceania
2020-03-04,676.0,12.0,33989.0,642.0,Oceania
2020-03-05,673.0,15.0,34662.0,657.0,Oceania
2020-03-06,654.0,14.0,35316.0,671.0,Oceania
2020-03-07,637.0,11.0,35953.0,682.0,Oceania
2020-03-08,646.0,12.0,36599.0,694.0,Oceania
2020-03-09,658.0,13.0,37257.0,707.0,Oceania
2020-03-10,673.0,15.0,37930.0,722.0,Oceania
2020-03-11,670.0,15.0,38600.0,737.0,Oceania
2020-03-12,686.0,11.0,39286.0,748.0,Oceania
2020-03-13,684.0,11.0,39970.0,759.0,Oceania
2020-03-14,691.0,11.0,40661.0,770.0,Oceania
2020-03-15,710.0,16.0,41371.0,786.0,Oceania
2020-03-16,709.0,16.0,42080.0,802.0,Oceania
2020-03-17,721.0,16.0,42801.0,818.0,Oceania
2020-03-18,712.0,14.0,43513.0,832.0,Oceania
2020-03-19,706.0,16.0,44219.0,848.0,Oceania
2020-03-20,726.0,14.0,44945.0,862.0,Oceania
2020-03-21,744.0,12.0,45689.0,874.0,Oceania
2020-03-22,725.0,12.0,46414.0,886.0,Oceania
2020-03-23,733.0,12.0,47147.0,898.0,Oceania
2020-03-24,753.0,14.0,47900.0,912.0,Oceania
2020-03-25,742.0,13.0,48642.0,925.0,Oceania
2020-03-26,723.0,15.0,49365.0,940.0,Oceania
2020-03-27,713.0,15.0,50078.0,955.0,Oceania
2020-03-28,705.0,15.0,50783.0,970.0,Oceania
2020-03-29,694.0,12.0,51477.0,982.0,Oceania
2020-03-30,687.0,12.0,52164.0,994.0,Oceania
2020-03-31,684.0,14.0,52848.0,1008.0,Oceania
2020-04-01,672.0,14.0,53520.0,1022.0,Oceania
2020-04-02,690.0,15.0,54210.0,1037.0,Oceania
2020-04-03,697.0,14.0,54907.0,1051.0,Oceania
2020-04-04,679.0,15.0,55586.0,1066.0,Oceania
2020-04-05,678.0,13.0,56264.0,1079.0,Oceania
2020-04-06,663.0,12.0,56927.0,1091.0,Oceania
2020-04-07,669.0,14.0,57596.0,1105.0,Oceania
2020-04-08,650.0,12.0,58246.0,1117.0,Oceania
2020-04-09,658.0,12.0,58904.0,1129.0,Oceania
2020-04-10,675.0,12.0,59579.0,1141.0,Oceania
2020-04-11,657.0,13.0,60236.0,1154.0,Oceania
2020-04-12,652.0,11.0,60888.0,1165.0,Oceania
2020-04-13,661.0,14.0,61549.0,1179.0,Oceania
2020-04-14,680.0,11.0,62229.0,1190.0,Oceania
2020-04-15,661.0,11.0,62890.0,1201.0,Oceania
2020-04-16,657.0,11.0,63547.0,1212.0,Oceania
2020-04-17,677.0,12.0,64224.0,1224.0,Oceania
2020-04-18,668.0,15.0,64892.0,1239.0,Oceania
2020-04-19,682.0,12.0,65574.0,1251.0,Oceania
2020-04-20,704.0,13.0,66278.0,1264.0,Oceania
2020-04-21,684.0,11.0,66962.0,1275.0,Oceania
2020-04-22,708.0,13.0,67670.0,1288.0,Oceania
2020-04-23,702.0,12.0,68372.0,1300.0,Oceania
2020-04-24,707.0,16.0,69079.0,1316.0,Oceania
2020-04-25,723.0,15.0,69802.0,1331.0,Oceania
2020-04-26,723.0,12.0,70525.0,1343.0,Oceania
2020-04-27,733.0,16.0,71258.0,1359.0,Oceania
2020-04-28,737.0,15.0,71995.0,1374.0,Oceania
2020-04-29,739.0,14.0,72734.0,1388.0,Oceania
2020-04-30,742.0,12.0,73476.0,1400.0,Oceania
2020-05-01,759.0,13.0,74235.0,1413.0,Oceania
2020-05-02,766.0,15.0,75001.0,1428.0,Oceania
2020-05-03,766.0,15.0,75767.0,1443.0,Oceania
2020-05-04,788.0,13.0,76555.0,1456.0,Oceania
2020-05-05,785.0,15.0,77340.0,1471.0,Oceania
2020-05-06,800.0,15.0,78140.0,1486.0,Oceania
2020-05-07,814.0,17.0,78954.0,1503.0,Oceania
2020-05-08,838.0,17.0,79792.0,1520.0,Oceania
2020-05-09,826.0,17.0,80618.0,1537.0,Oceania
2020-05-10,843.0,15.0,81461.0,1552.0,Oceania
2020-05-11,852.0,17.0,82313.0,1569.0,Oceania
2020-05-12,875.0,19.0,83188.0,1588.0,Oceania
2020-05-13,888.0,17.0,84076.0,1605.0,Oceania
2020-05-14,899.0,15.0,84975.0,1620.0,Oceania
2020-05-15,881.0,18.0,85856.0,1638.0,Oceania
2020-05-16,863.0,17.0,86719.0,1655.0,Oceania
2020-05-17,870.0,19.0,87589.0,1674.0,Oceania
2020-05-18,893.0,15.0,88482.0,1689.0,Oceania
2020-05-19,887.0,16.0,89369.0,1705.0,Oceania
2020-05-20,907.0,17.0,90276.0,1722.0,Oceania
2020-05-21,909.0,20.0,91185.0,1742.0,Oceania
2020-05-22,928.0,16.0,92113.0,1758.0,Oceania
2020-05-23,918.0,19.0,93031.0,1777.0,Oceania
2020-05-24,929.0,18.0,93960.0,1795.0,Oceania
2020-05-25,944.0,16.0,94904.0,1811.0,Oceania
2020-05-26,956.0,18.0,95860.0,1829.0,Oceania
2020-05-27,959.0,21.0,96819.0,1850.0,Oceania
2020-05-28,977.0,21.0,97796.0,1871.0,Oceania
2020-05-29,990.0,19.0,98786.0,1890.0,Oceania
2020-05-30,997.0,21.0,99783.0,1911.0,Oceania
2020-05-31,1013.0,22.0,100796.0,1933.0,Oceania
2020-06-01,999.0,17.0,101795.0,1950.0,Oceania
2020-06-02,982.0,20.0,102777.0,1970.0,Oceania
2020-06-03,998.0,19.0,103775.0,1989.0,Oceania
2020-06-04,978.0,17.0,104753.0,2006.0,Oceania
2020-06-05,958.0,20.0,105711.0,2026.0,Oceania
2020-06-06,957.0,17.0,106668.0,2043.0,Oceania
2020-06-07,955.0,17.0,107623.0,2060.0,Oceania
2020-06-08,963.0,21.0,108586.0,2081.0,Oceania
2020-06-09,952.0,20.0,109538.0,2101.0,Oceania
2020-06-10,949.0,18.0,110487.0,2119.0,Oceania
2020-06-11,956.0,19.0,111443.0,2138.0,Oceania
2020-06-12,970.0,20.0,112413.0,2158.0,Oceania
2020-06-13,992.0,21.0,113405.0,2179.0,Oceania
2020-06-14,1002.0,19.0,114407.0,2198.0,Oceania
2020-06-15,1008.0,18.0,115415.0,2216.0,Oceania
2020-06-16,998.0,21.0,116413.0,2237.0,Oceania
2020-06-17,1015.0,21.0,117428.0,2258.0,Oceania
2020-06-18,999.0,17.0,118427.0,2275.0,Oceania
2020-06-19,986.0,19.0,119413.0,2294.0,Oceania
2020-06-20,999.0,18.0,120412.0,2312.0,Oceania
2020-06-21,990.0,19.0,121402.0,2331.0,Oceania
2020-06-22,1007.0,21.0,122409.0,2352.0,Oceania
2020-06-23,987.0,17.0,123396.0,2369.0,Oceania
2020-06-24,997.0,20.0,124393.0,2389.0,Oceania
2020-06-25,980.0,17.0,125373.0,2406.0,Oceania
2020-06-26,1004.0,22.0,126377.0,2428.0,Oceania
2020-06-27,988.0,18.0,127365.0,2446.0,Oceania
2020-06-28,997.0,21.0,128362.0,2467.0,Oceania
2020-06-29,1000.0,22.0,129362.0,2489.0,Oceania
2020-06-30,982.0,20.0,130344.0,2509.0,Oceania
2020-07-01,972.0,18.0,131316.0,2527.0,Oceania
2020-07-02,996.0,17.0,132312.0,2544.0,Oceania
2020-07-03,979.0,17.0,133291.0,2561.0,Oceania
2020-07-04,984.0,19.0,134275.0,2580.0,Oceania
2020-07-05,990.0,17.0,135265.0,2597.0,Oceania
2020-07-06,1012.0,21.0,136277.0,2618.0,Oceania
2020-07-07,1018.0,22.0,137295.0,2640.0,Oceania
2020-07-08,1039.0,22.0,138334.0,2662.0,Oceania
2020-07-09,1024.0,22.0,139358.0,2684.0,Oceania
2020-07-10,1018.0,19.0,140376.0,2703.0,Oceania
2020-07-11,1027.0,18.0,141403.0,2721.0,Oceania
2020-07-12,1048.0,21.0,142451.0,2742.0,Oceania
2020-07-13,1064.0,20.0,143515.0,2762.0,Oceania
2020-07-14,1080.0,21.0,144595.0,2783.0,Oceania
2020-07-15,1101.0,23.0,145696.0,2806.0,Oceania
2020-07-16,1117.0,23.0,146813.0,2829.0,Oceania
2020-07-17,1131.0,23.0,147944.0,2852.0,Oceania
2020-07-18,1133.0,24.0,149077.0,2876.0,Oceania
2020-07-19,1118.0,23.0,150195.0,2899.0,Oceania
2020-07-20,1101.0,20.0,151296.0,2919.0,Oceania
2020-07-21,1098.0,22.0,152394.0,2941.0,Oceania
2020-07-22,1086.0,23.0,153480.0,2964.0,Oceania
2020-07-23,1094.0,22.0,154574.0,2986.0,Oceania
2020-07-24,1086.0,21.0,155660.0,3007.0,Oceania
2020-07-25,1082.0,21.0,156742.0,3028.0,Oceania
2020-07-26,1106.0,24.0,157848.0,3052.0,Oceania
2020-07-27,1117.0,20.0,158965.0,3072.0,Oceania
2020-07-28,1118.0,20.0,160083.0,3092.0,Oceania
2020-07-29,1101.0,21.0,161184.0,3113.0,Oceania
2020-07-30,1085.0,23.0,162269.0,3136.0,Oceania
2020-07-31,1101.0,23.0,163370.0,3159.0,Oceania
2020-08-01,1121.0,24.0,164491.0,3183.0,Oceania
2020-08-02,1113.0,21.0,165604.0,3204.0,Oceania
2020-08-03,1126.0,24.0,166730.0,3228.0,Oceania
2020-08-04,1150.0,25.0,167880.0,3253.0,Oceania
2020-08-05,1151.0,22.0,169031.0,3275.0,Oceania
2020-08-06,1153.0,21.0,170184.0,3296.0,Oceania
2020-08-07,1135.0,23.0,171319.0,3319.0,Oceania
2020-08-08,1156.0,22.0,172475.0,3341.0,Oceania
2020-08-09,1169.0,23.0,173644.0,3364.0,Oceania
2020-08-10,1180.0,21.0,174824.0,3385.0,Oceania
2020-08-11,1204.0,24.0,176028.0,3409.0,Oceania
2020-08-12,1204.0,22.0,177232.0,3431.0,Oceania
2020-08-13,1227.0,25.0,178459.0,3456.0,Oceania
2020-08-14,1227.0,25.0,179686.0,3481.0,Oceania
2020-08-15,1250.0,27.0,180936.0,3508.0,Oceania
2020-08-16,1240.0,24.0,182176.0,3532.0,Oceania
2020-08-17,1258.0,23.0,183434.0,3555.0,Oceania
2020-08-18,1241.0,25.0,184675.0,3580.0,Oceania
2020-08-19,1221.0,23.0,185896.0,3603.0,Oceania
2020-08-20,1228.0,25.0,187124.0,3628.0,Oceania
2020-08-21,1231.0,23.0,188355.0,3651.0,Oceania
2020-08-22,1245.0,22.0,189600.0,3673.0,Oceania
2020-08-23,1237.0,25.0,190837.0,3698.0,Oceania
2020-08-24,1250.0,26.0,192087.0,3724.0,Oceania
2020-08-25,1240.0,22.0,193327.0,3746.0,Oceania
2020-08-26,1255.0,26.0,194582.0,3772.0,Oceania
2020-08-27,1251.0,24.0,195833.0,3796.0,Oceania
2020-08-28,1265.0,26.0,197098.0,3822.0,Oceania
2020-08-29,1262.0,25.0,198360.0,3847.0,Oceania
2020-08-30,1281.0,27.0,199641.0,3874.0,Oceania
2020-08-31,1282.0,24.0,200923.0,3898.0,Oceania
2020-09-01,1285.0,25.0,202208.0,3923.0,Oceania
2020-09-02,1283.0,23.0,203491.0,3946.0,Oceania
2020-09-03,1299.0,24.0,204790.0,3970.0,Oceania
2020-09-04,1317.0,28.0,206107.0,3998.0,Oceania
2020-09-05,1317.0,28.0,207424.0,4026.0,Oceania
2020-09-06,1304.0,24.0,208728.0,4050.0,Oceania
2020-09-07,1311.0,24.0,210039.0,4074.0,Oceania
2020-09-08,1295.0,24.0,211334.0,4098.0,Oceania
2020-09-09,1291.0,26.0,212625.0,4124.0,Oceania
2020-09-10,1307.0,24.0,213932.0,4148.0,Oceania
2020-09-11,1322.0,27.0,215254.0,4175.0,Oceania
2020-09-12,1320.0,26.0,216574.0,4201.0,Oceania
2020-09-13,1326.0,28.0,217900.0,4229.0,Oceania
2020-09-14,1339.0,27.0,219239.0,4256.0,Oceania
2020-09-15,1329.0,28.0,220568.0,4284.0,Oceania
2020-09-16,1353.0,28.0,221921.0,4312.0,Oceania
2020-09-17,1344.0,26.0,223265.0,4338.0,Oceania
2020-09-18,1344.0,24.0,224609.0,4362.0,Oceania
2020-09-19,1334.0,26.0,225943.0,4388.0,Oceania
2020-09-20,1352.0,25.0,227295.0,4413.0,Oceania
2020-09-21,1359.0,25.0,228654.0,4438.0,Oceania
2020-09-22,1343.0,28.0,229997.0,4466.0,Oceania
2020-09-23,1339.0,26.0,231336.0,4492.0,Oceania
2020-09-24,1338.0,27.0,232674.0,4519.0,Oceania
2020-09-25,1358.0,27.0,234032.0,4546.0,Oceania
2020-09-26,1349.0,28.0,235381.0,4574.0,Oceania
2020-09-27,1334.0,24.0,236715.0,4598.0,Oceania
2020-09-28,1330.0,28.0,238045.0,4626.0,Oceania
2020-09-29,1328.0,25.0,239373.0,4651.0,Oceania
2020-09-30,1333.0,25.0,240706.0,4676.0,Oceania
2020-10-01,1356.0,28.0,242062.0,4704.0,Oceania
2020-10-02,1379.0,29.0,243441.0,4733.0,Oceania
2020-10-03,1390.0,28.0,244831.0,4761.0,Oceania
2020-10-04,1375.0,28.0,246206.0,4789.0,Oceania
2020-10-05,1390.0,26.0,247596.0,4815.0,Oceania
2020-10-06,1407.0,29.0,249003.0,4844.0,Oceania
2020-10-07,1397.0,26.0,250400.0,4870.0,Oceania
2020-10-08,1409.0,26.0,251809.0,4896.0,Oceania
2020-10-09,1412.0,30.0,253221.0,4926.0,Oceania
2020-10-10,1414.0,29.0,254635.0,4955.0,Oceania
2020-10-11,1408.0,27.0,256043.0,4982.0,Oceania
2020-10-12,1414.0,28.0,257457.0,5010.0,Oceania
2020-10-13,1404.0,29.0,258861.0,5039.0,Oceania
2020-10-14,1400.0,26.0,260261.0,5065.0,Oceania
2020-10-15,1393.0,25.0,261654.0,5090.0,Oceania
2020-10-16,1399.0,27.0,263053.0,5117.0,Oceania
2020-10-17,1396.0,26.0,264449.0,5143.0,Oceania
2020-10-18,1403.0,29.0,265852.0,5172.0,Oceania
2020-10-19,1386.0,26.0,267238.0,5198.0,Oceania
2020-10-20,1372.0,25.0,268610.0,5223.0,Oceania
2020-10-21,1396.0,26.0,270006.0,5249.0,Oceania
2020-10-22,1410.0,26.0,271416.0,5275.0,Oceania
2020-10-23,1398.0,26.0,272814.0,5301.0,Oceania
2020-10-24,1385.0,27.0,274199.0,5328.0,Oceania
2020-10-25,1409.0,30.0,275608.0,5358.0,Oceania
2020-10-26,1405.0,28.0,277013.0,5386.0,Oceania
